date,demand,school_day,holiday
2015-01-01,99635.03,N,Y
2015-01-02,129606.01,N,N
2015-01-03,142300.54,N,N
2015-01-04,104330.715,N,N
2015-01-05,118132.2,N,N
2015-01-06,130672.485,N,N
2015-01-07,153514.82,N,N
2015-01-08,142015.655,N,N
2015-01-09,121801.155,N,N
2015-01-10,103043.66,N,N
2015-01-11,99865.755,N,N
2015-01-12,131261.125,N,N
2015-01-13,126527.36,N,N
2015-01-14,119741.62,N,N
2015-01-15,118411.22,N,N
2015-01-16,116690.765,N,N
2015-01-17,99371.31,N,N
2015-01-18,97728.75,N,N
2015-01-19,116883.15,N,N
2015-01-20,128968.125,N,N
2015-01-21,148702.505,N,N
2015-01-22,153232.1,N,N
2015-01-23,138095.2,N,N
2015-01-24,116310.59,N,N
2015-01-25,97959.46,N,N
2015-01-26,103769.48,N,Y
2015-01-27,118393.31,N,N
2015-01-28,116763.725,N,N
2015-01-29,119313.73,Y,N
2015-01-30,121018.15,Y,N
2015-01-31,103822.97,Y,N
2015-02-01,100178.84,Y,N
2015-02-02,118694.16,Y,N
2015-02-03,122880.13,Y,N
2015-02-04,117398.03,Y,N
2015-02-05,122279.425,Y,N
2015-02-06,141837.005,Y,N
2015-02-07,132138.365,Y,N
2015-02-08,112108.215,Y,N
2015-02-09,126813.075,Y,N
2015-02-10,145948.565,Y,N
2015-02-11,149322.85,Y,N
2015-02-12,131376.78,Y,N
2015-02-13,136070.62,Y,N
2015-02-14,119692.025,Y,N
2015-02-15,125287.71,Y,N
2015-02-16,131832.63,Y,N
2015-02-17,127666.01,Y,N
2015-02-18,125972.765,Y,N
2015-02-19,139399.69,Y,N
2015-02-20,139465.675,Y,N
2015-02-21,136283.03,Y,N
2015-02-22,138016.35,Y,N
2015-02-23,135255.815,Y,N
2015-02-24,120263.515,Y,N
2015-02-25,130062.755,Y,N
2015-02-26,131525.855,Y,N
2015-02-27,131069.4,Y,N
2015-02-28,116275.73,Y,N
2015-03-01,103462.78,Y,N
2015-03-02,123301.835,Y,N
2015-03-03,126750.29,Y,N
2015-03-04,120764.185,Y,N
2015-03-05,114967.345,Y,N
2015-03-06,117053.75,Y,N
2015-03-07,108344.575,Y,N
2015-03-08,106348.78,Y,N
2015-03-09,108282.48,Y,Y
2015-03-10,125828.53,Y,N
2015-03-11,124418.415,Y,N
2015-03-12,121683.65,Y,N
2015-03-13,120929.815,Y,N
2015-03-14,108738.82,Y,N
2015-03-15,100170.295,Y,N
2015-03-16,123787.075,Y,N
2015-03-17,125600.86,Y,N
2015-03-18,127975.815,Y,N
2015-03-19,128319.45,Y,N
2015-03-20,119491.32,Y,N
2015-03-21,106754.8,Y,N
2015-03-22,106555.03,Y,N
2015-03-23,122810.05,Y,N
2015-03-24,123234.935,Y,N
2015-03-25,122268.86,Y,N
2015-03-26,121998.2,Y,N
2015-03-27,122346.335,N,N
2015-03-28,112187.715,N,N
2015-03-29,106418.665,N,N
2015-03-30,123061.87,N,N
2015-03-31,125795.325,N,N
2015-04-01,122042.265,N,N
2015-04-02,113838.41,N,N
2015-04-03,98891.06,N,Y
2015-04-04,103999.17,N,Y
2015-04-05,103685.45,N,N
2015-04-06,107383.37,N,Y
2015-04-07,120235.505,N,N
2015-04-08,122129.775,N,N
2015-04-09,123990.76,N,N
2015-04-10,121753.115,N,N
2015-04-11,110034.165,N,N
2015-04-12,103760.225,N,N
2015-04-13,125107.78,N,N
2015-04-14,127793.38,Y,N
2015-04-15,126673.935,Y,N
2015-04-16,126937.94,Y,N
2015-04-17,131031.415,Y,N
2015-04-18,109763.985,Y,N
2015-04-19,107160.54,Y,N
2015-04-20,126696.19,Y,N
2015-04-21,127973.585,Y,N
2015-04-22,128598.495,Y,N
2015-04-23,126483.805,Y,N
2015-04-24,126230.785,Y,N
2015-04-25,111803.625,Y,Y
2015-04-26,108217.82,Y,N
2015-04-27,127855.22,Y,N
2015-04-28,132642.14,Y,N
2015-04-29,132814.615,Y,N
2015-04-30,132669.58,Y,N
2015-05-01,126304.445,Y,N
2015-05-02,108487.975,Y,N
2015-05-03,109233.34,Y,N
2015-05-04,122375.47,Y,N
2015-05-05,123734.865,Y,N
2015-05-06,129121.86,Y,N
2015-05-07,131237.185,Y,N
2015-05-08,131138.73,Y,N
2015-05-09,108377.05,Y,N
2015-05-10,103811.28,Y,N
2015-05-11,123740.245,Y,N
2015-05-12,129312.58,Y,N
2015-05-13,136903.27,Y,N
2015-05-14,135217.65,Y,N
2015-05-15,135172.41,Y,N
2015-05-16,117136.63,Y,N
2015-05-17,111897.085,Y,N
2015-05-18,127524.8,Y,N
2015-05-19,133235.48,Y,N
2015-05-20,127522.71,Y,N
2015-05-21,135361.195,Y,N
2015-05-22,133422.46,Y,N
2015-05-23,119331.85,Y,N
2015-05-24,118783.085,Y,N
2015-05-25,136690.92,Y,N
2015-05-26,140886.995,Y,N
2015-05-27,133103.37,Y,N
2015-05-28,127900.235,Y,N
2015-05-29,132338.94,Y,N
2015-05-30,114669.79,Y,N
2015-05-31,113261.26,Y,N
2015-06-01,140919.995,Y,N
2015-06-02,148534.505,Y,N
2015-06-03,146902.95,Y,N
2015-06-04,147155.265,Y,N
2015-06-05,142625.035,Y,N
2015-06-06,120128.295,Y,N
2015-06-07,109609.685,Y,N
2015-06-08,110715.815,Y,Y
2015-06-09,132854.135,Y,N
2015-06-10,144125.525,Y,N
2015-06-11,143465.445,Y,N
2015-06-12,145005.62,Y,N
2015-06-13,123754.55,Y,N
2015-06-14,119125.62,Y,N
2015-06-15,136054.145,Y,N
2015-06-16,139073.785,Y,N
2015-06-17,134290.46,Y,N
2015-06-18,137073.775,Y,N
2015-06-19,139781.245,Y,N
2015-06-20,129576.36,Y,N
2015-06-21,124910.57,Y,N
2015-06-22,140431.36,Y,N
2015-06-23,133171.4,Y,N
2015-06-24,135407.57,Y,N
2015-06-25,137379.23,Y,N
2015-06-26,135562.075,N,N
2015-06-27,124587.43,N,N
2015-06-28,119277.48,N,N
2015-06-29,139468.155,N,N
2015-06-30,143170.055,N,N
2015-07-01,138931,N,N
2015-07-02,138972.425,N,N
2015-07-03,145713.81,N,N
2015-07-04,130073.27,N,N
2015-07-05,117312.925,N,N
2015-07-06,143176.335,N,N
2015-07-07,143984.39,N,N
2015-07-08,141696.295,N,N
2015-07-09,141994.375,N,N
2015-07-10,136884.095,N,N
2015-07-11,123971.705,N,N
2015-07-12,124790.695,N,N
2015-07-13,138680.335,N,N
2015-07-14,150671.105,Y,N
2015-07-15,151270.54,Y,N
2015-07-16,144797.98,Y,N
2015-07-17,142965.48,Y,N
2015-07-18,130187.445,Y,N
2015-07-19,131141.355,Y,N
2015-07-20,146154.37,Y,N
2015-07-21,138931.81,Y,N
2015-07-22,138418.835,Y,N
2015-07-23,142316.295,Y,N
2015-07-24,136837.155,Y,N
2015-07-25,121021.425,Y,N
2015-07-26,120396.735,Y,N
2015-07-27,142470.43,Y,N
2015-07-28,144008.37,Y,N
2015-07-29,142637.76,Y,N
2015-07-30,143544.11,Y,N
2015-07-31,139584.955,Y,N
2015-08-01,125032.57,Y,N
2015-08-02,117638.065,Y,N
2015-08-03,141451.725,Y,N
2015-08-04,147550.185,Y,N
2015-08-05,142325.99,Y,N
2015-08-06,143642.355,Y,N
2015-08-07,143060.33,Y,N
2015-08-08,125830.535,Y,N
2015-08-09,120008.455,Y,N
2015-08-10,130978.095,Y,N
2015-08-11,135616.125,Y,N
2015-08-12,138900.5,Y,N
2015-08-13,140905.85,Y,N
2015-08-14,137838.925,Y,N
2015-08-15,122088.76,Y,N
2015-08-16,116648.77,Y,N
2015-08-17,137008.71,Y,N
2015-08-18,148093.96,Y,N
2015-08-19,144024.66,Y,N
2015-08-20,131575.79,Y,N
2015-08-21,126570.47,Y,N
2015-08-22,112275.15,Y,N
2015-08-23,111793.015,Y,N
2015-08-24,128868.255,Y,N
2015-08-25,135051.545,Y,N
2015-08-26,135914.68,Y,N
2015-08-27,141159.77,Y,N
2015-08-28,134755.505,Y,N
2015-08-29,124448.5,Y,N
2015-08-30,116744.215,Y,N
2015-08-31,137724.895,Y,N
2015-09-01,134116.77,Y,N
2015-09-02,132794.715,Y,N
2015-09-03,132096.335,Y,N
2015-09-04,131384.88,Y,N
2015-09-05,115799.32,Y,N
2015-09-06,109641.375,Y,N
2015-09-07,131619.365,Y,N
2015-09-08,136340.7,Y,N
2015-09-09,132977.45,Y,N
2015-09-10,133541.98,Y,N
2015-09-11,123968.9,Y,N
2015-09-12,108790.005,Y,N
2015-09-13,99161.765,Y,N
2015-09-14,116574.17,Y,N
2015-09-15,123750.5,Y,N
2015-09-16,131795.485,Y,N
2015-09-17,131050.675,Y,N
2015-09-18,130764.585,N,N
2015-09-19,112377.185,N,N
2015-09-20,103708.925,N,N
2015-09-21,120096.71,N,N
2015-09-22,127755.095,N,N
2015-09-23,131866.73,N,N
2015-09-24,130937.625,N,N
2015-09-25,124278.93,N,N
2015-09-26,111064.49,N,N
2015-09-27,106431.815,N,N
2015-09-28,121796.715,N,N
2015-09-29,126691.8,N,N
2015-09-30,129641.245,N,N
2015-10-01,124356.415,N,N
2015-10-02,107544.145,N,Y
2015-10-03,100598.55,N,N
2015-10-04,103828.88,N,N
2015-10-05,125194.87,N,N
2015-10-06,127225.245,Y,N
2015-10-07,117282.765,Y,N
2015-10-08,122121.325,Y,N
2015-10-09,126989.905,Y,N
2015-10-10,112604.825,Y,N
2015-10-11,105376.335,Y,N
2015-10-12,120916.215,Y,N
2015-10-13,122830.38,Y,N
2015-10-14,126919.195,Y,N
2015-10-15,130260.37,Y,N
2015-10-16,123985.97,Y,N
2015-10-17,104916.345,Y,N
2015-10-18,100812.04,Y,N
2015-10-19,120795,Y,N
2015-10-20,126655.49,Y,N
2015-10-21,122368.885,Y,N
2015-10-22,121471.64,Y,N
2015-10-23,120420.7,Y,N
2015-10-24,106813.03,Y,N
2015-10-25,102279.745,Y,N
2015-10-26,115297.34,Y,N
2015-10-27,116619.57,Y,N
2015-10-28,122887.41,Y,N
2015-10-29,124222.935,Y,N
2015-10-30,121256.97,Y,N
2015-10-31,106353.44,Y,N
2015-11-01,103629.645,Y,N
2015-11-02,113791.75,Y,N
2015-11-03,101793.035,Y,Y
2015-11-04,120177.945,Y,N
2015-11-05,125985.465,Y,N
2015-11-06,120505.585,Y,N
2015-11-07,104269.79,Y,N
2015-11-08,103793.085,Y,N
2015-11-09,127234.72,Y,N
2015-11-10,121617.28,Y,N
2015-11-11,121566.645,Y,N
2015-11-12,123775.16,Y,N
2015-11-13,117078.585,Y,N
2015-11-14,103646.635,Y,N
2015-11-15,99761.81,Y,N
2015-11-16,124557.225,Y,N
2015-11-17,131442.2,Y,N
2015-11-18,132353.755,Y,N
2015-11-19,138118.705,Y,N
2015-11-20,123412.685,Y,N
2015-11-21,102647.905,Y,N
2015-11-22,98621.62,Y,N
2015-11-23,114406.825,Y,N
2015-11-24,118894.305,Y,N
2015-11-25,124728.875,Y,N
2015-11-26,112907.145,Y,N
2015-11-27,117492.82,Y,N
2015-11-28,105011.195,Y,N
2015-11-29,102162.53,Y,N
2015-11-30,122452.415,Y,N
2015-12-01,117115.62,Y,N
2015-12-02,115230.125,Y,N
2015-12-03,121699.425,Y,N
2015-12-04,129148.52,Y,N
2015-12-05,115606.005,Y,N
2015-12-06,112025.29,Y,N
2015-12-07,129059.645,Y,N
2015-12-08,136800.91,Y,N
2015-12-09,125965.02,Y,N
2015-12-10,125807.495,Y,N
2015-12-11,116597.81,Y,N
2015-12-12,106139.41,Y,N
2015-12-13,105218.515,Y,N
2015-12-14,125784.96,Y,N
2015-12-15,129077.41,Y,N
2015-12-16,135930.08,Y,N
2015-12-17,152366.3,Y,N
2015-12-18,158052.89,N,N
2015-12-19,154924.89,N,N
2015-12-20,133421.03,N,N
2015-12-21,113802.21,N,N
2015-12-22,119477.515,N,N
2015-12-23,126553.115,N,N
2015-12-24,134583.25,N,N
2015-12-25,119950.37,N,Y
2015-12-26,95093.295,N,Y
2015-12-27,96394.94,N,N
2015-12-28,100048.44,N,Y
2015-12-29,111647.54,N,N
2015-12-30,128552.135,N,N
2015-12-31,146473.835,N,N
2016-01-01,116040.925,N,Y
2016-01-02,99622.64,N,N
2016-01-03,97656.445,N,N
2016-01-04,110932.505,N,N
2016-01-05,117873.58,N,N
2016-01-06,115064.265,N,N
2016-01-07,112392.695,N,N
2016-01-08,111879.54,N,N
2016-01-09,105482.695,N,N
2016-01-10,113049.145,N,N
2016-01-11,141133.085,N,N
2016-01-12,135006.11,N,N
2016-01-13,160011.075,N,N
2016-01-14,120396.335,N,N
2016-01-15,113244.79,N,N
2016-01-16,103046.17,N,N
2016-01-17,114097.07,N,N
2016-01-18,147817.585,N,N
2016-01-19,148612.37,N,N
2016-01-20,142471.51,N,N
2016-01-21,139450.615,N,N
2016-01-22,129135.185,N,N
2016-01-23,108097.845,N,N
2016-01-24,103396.3,N,N
2016-01-25,112649.6,N,N
2016-01-26,110152.815,N,Y
2016-01-27,133718.035,N,N
2016-01-28,134169.83,Y,N
2016-01-29,123615.21,Y,N
2016-01-30,107579.345,Y,N
2016-01-31,101279.65,Y,N
2016-02-01,121942.895,Y,N
2016-02-02,133989.155,Y,N
2016-02-03,122594.475,Y,N
2016-02-04,119919.605,Y,N
2016-02-05,126330.55,Y,N
2016-02-06,123737.01,Y,N
2016-02-07,124436.81,Y,N
2016-02-08,129327.225,Y,N
2016-02-09,131271.265,Y,N
2016-02-10,132265.005,Y,N
2016-02-11,131003.79,Y,N
2016-02-12,133845.52,Y,N
2016-02-13,120839.995,Y,N
2016-02-14,104364.735,Y,N
2016-02-15,120863.325,Y,N
2016-02-16,117062.035,Y,N
2016-02-17,119481.79,Y,N
2016-02-18,125964.185,Y,N
2016-02-19,122991.66,Y,N
2016-02-20,105911.71,Y,N
2016-02-21,107884.355,Y,N
2016-02-22,130527.325,Y,N
2016-02-23,156924.83,Y,N
2016-02-24,152419.415,Y,N
2016-02-25,138064.855,Y,N
2016-02-26,122575.935,Y,N
2016-02-27,110545.84,Y,N
2016-02-28,105781.985,Y,N
2016-02-29,125400.08,Y,N
2016-03-01,142242.595,Y,N
2016-03-02,145182.98,Y,N
2016-03-03,136226.12,Y,N
2016-03-04,149376.57,Y,N
2016-03-05,124692.315,Y,N
2016-03-06,117707.95,Y,N
2016-03-07,131465.825,Y,N
2016-03-08,160285.015,Y,N
2016-03-09,152599.125,Y,N
2016-03-10,135635.705,Y,N
2016-03-11,141414.35,Y,N
2016-03-12,119690.755,Y,N
2016-03-13,111329.62,Y,N
2016-03-14,105388.57,Y,Y
2016-03-15,123073.98,Y,N
2016-03-16,135047.625,Y,N
2016-03-17,143184.805,Y,N
2016-03-18,118189.72,Y,N
2016-03-19,105484.1,Y,N
2016-03-20,100394.06,Y,N
2016-03-21,117796.715,Y,N
2016-03-22,124081.46,Y,N
2016-03-23,126074.895,Y,N
2016-03-24,125072.73,N,N
2016-03-25,101740.89,N,Y
2016-03-26,102726.745,N,Y
2016-03-27,98324.645,N,Y
2016-03-28,102746.6,N,Y
2016-03-29,118281.13,N,N
2016-03-30,122625.21,N,N
2016-03-31,122964.715,N,N
2016-04-01,116321.6,N,N
2016-04-02,102832.72,N,N
2016-04-03,102084,N,N
2016-04-04,120445.735,N,N
2016-04-05,120371.235,N,N
2016-04-06,125657.125,N,N
2016-04-07,125663.33,N,N
2016-04-08,124266.885,N,N
2016-04-09,109044.9,N,N
2016-04-10,99845.345,N,N
2016-04-11,118614.005,N,N
2016-04-12,123808.76,Y,N
2016-04-13,124686.63,Y,N
2016-04-14,126519.065,Y,N
2016-04-15,124721.485,Y,N
2016-04-16,108525.965,Y,N
2016-04-17,100526.305,Y,N
2016-04-18,123441.82,Y,N
2016-04-19,126846.445,Y,N
2016-04-20,125204.785,Y,N
2016-04-21,125514.14,Y,N
2016-04-22,120124.305,Y,N
2016-04-23,108773.745,Y,N
2016-04-24,105642.28,Y,N
2016-04-25,104072.435,Y,Y
2016-04-26,117437.665,Y,N
2016-04-27,118531.5,Y,N
2016-04-28,126847.02,Y,N
2016-04-29,122054.13,Y,N
2016-04-30,103505.195,Y,N
2016-05-01,98873.535,Y,N
2016-05-02,116969.63,Y,N
2016-05-03,119014.445,Y,N
2016-05-04,124525.185,Y,N
2016-05-05,118192.055,Y,N
2016-05-06,120421.32,Y,N
2016-05-07,106052.64,Y,N
2016-05-08,103487.28,Y,N
2016-05-09,119781.135,Y,N
2016-05-10,119611.88,Y,N
2016-05-11,123616.28,Y,N
2016-05-12,120693.53,Y,N
2016-05-13,118800.07,Y,N
2016-05-14,101945.995,Y,N
2016-05-15,99697.62,Y,N
2016-05-16,121182.695,Y,N
2016-05-17,124209.405,Y,N
2016-05-18,124352.215,Y,N
2016-05-19,124392.29,Y,N
2016-05-20,127705.84,Y,N
2016-05-21,112336.78,Y,N
2016-05-22,101618.98,Y,N
2016-05-23,121424.42,Y,N
2016-05-24,131916.405,Y,N
2016-05-25,132170.05,Y,N
2016-05-26,137080.875,Y,N
2016-05-27,134317.62,Y,N
2016-05-28,119938.795,Y,N
2016-05-29,118751.965,Y,N
2016-05-30,134983.955,Y,N
2016-05-31,140402.15,Y,N
2016-06-01,141195.03,Y,N
2016-06-02,141292.56,Y,N
2016-06-03,137717.255,Y,N
2016-06-04,122764.33,Y,N
2016-06-05,116052.805,Y,N
2016-06-06,134829.755,Y,N
2016-06-07,135306.005,Y,N
2016-06-08,137305.355,Y,N
2016-06-09,132859.305,Y,N
2016-06-10,132209.515,Y,N
2016-06-11,120753.43,Y,N
2016-06-12,122771.53,Y,N
2016-06-13,122106.95,Y,Y
2016-06-14,138466.56,Y,N
2016-06-15,140904.59,Y,N
2016-06-16,140741.165,Y,N
2016-06-17,138023.11,Y,N
2016-06-18,123162.185,Y,N
2016-06-19,119662.165,Y,N
2016-06-20,134435.115,Y,N
2016-06-21,137511.315,Y,N
2016-06-22,133813.285,Y,N
2016-06-23,136740.005,Y,N
2016-06-24,144658.38,N,N
2016-06-25,131730.835,N,N
2016-06-26,126455.935,N,N
2016-06-27,148639.995,N,N
2016-06-28,142146.31,N,N
2016-06-29,136071.965,N,N
2016-06-30,141078.46,N,N
2016-07-01,136676.715,N,N
2016-07-02,118683.565,N,N
2016-07-03,112556.405,N,N
2016-07-04,135712.245,N,N
2016-07-05,142401.795,N,N
2016-07-06,134056.095,N,N
2016-07-07,138768.045,N,N
2016-07-08,136690.05,N,N
2016-07-09,122369.535,N,N
2016-07-10,119218.23,N,N
2016-07-11,128207.125,N,N
2016-07-12,137582.195,Y,N
2016-07-13,145728.26,Y,N
2016-07-14,144103.705,Y,N
2016-07-15,141166.85,Y,N
2016-07-16,120659.15,Y,N
2016-07-17,113418.125,Y,N
2016-07-18,127367.015,Y,N
2016-07-19,137028.05,Y,N
2016-07-20,136850.14,Y,N
2016-07-21,136127.125,Y,N
2016-07-22,128777.82,Y,N
2016-07-23,119888.575,Y,N
2016-07-24,120126.905,Y,N
2016-07-25,138134.635,Y,N
2016-07-26,146465.69,Y,N
2016-07-27,143209.755,Y,N
2016-07-28,142341.635,Y,N
2016-07-29,139822.93,Y,N
2016-07-30,121548.535,Y,N
2016-07-31,114481.28,Y,N
2016-08-01,137934.845,Y,N
2016-08-02,137301.69,Y,N
2016-08-03,140922.715,Y,N
2016-08-04,142671.51,Y,N
2016-08-05,145491.33,Y,N
2016-08-06,130907.095,Y,N
2016-08-07,120379.285,Y,N
2016-08-08,138506.45,Y,N
2016-08-09,132819.535,Y,N
2016-08-10,130616.67,Y,N
2016-08-11,138368.4,Y,N
2016-08-12,134885.67,Y,N
2016-08-13,120382.805,Y,N
2016-08-14,113066.245,Y,N
2016-08-15,127906.24,Y,N
2016-08-16,124975.11,Y,N
2016-08-17,132561.22,Y,N
2016-08-18,123434.505,Y,N
2016-08-19,132569.74,Y,N
2016-08-20,121052.06,Y,N
2016-08-21,119118.545,Y,N
2016-08-22,139203.5,Y,N
2016-08-23,138640.39,Y,N
2016-08-24,141122.795,Y,N
2016-08-25,139724.025,Y,N
2016-08-26,139920.545,Y,N
2016-08-27,119573.22,Y,N
2016-08-28,114832.425,Y,N
2016-08-29,125055.69,Y,N
2016-08-30,133748.44,Y,N
2016-08-31,128834.065,Y,N
2016-09-01,134246.165,Y,N
2016-09-02,135273.325,Y,N
2016-09-03,118621.96,Y,N
2016-09-04,110986.005,Y,N
2016-09-05,127275.815,Y,N
2016-09-06,129542.365,Y,N
2016-09-07,123307.02,Y,N
2016-09-08,117722.95,Y,N
2016-09-09,125432.605,Y,N
2016-09-10,111412.995,Y,N
2016-09-11,109125.215,Y,N
2016-09-12,130967.28,Y,N
2016-09-13,134720.155,Y,N
2016-09-14,130650.88,Y,N
2016-09-15,134234.45,Y,N
2016-09-16,131734.105,N,N
2016-09-17,106709.54,N,N
2016-09-18,110314.625,N,N
2016-09-19,127391.09,N,N
2016-09-20,122664.305,N,N
2016-09-21,127208.57,N,N
2016-09-22,131357.34,N,N
2016-09-23,127420.43,N,N
2016-09-24,106776.275,N,N
2016-09-25,105931.555,N,N
2016-09-26,124343.19,N,N
2016-09-27,126888.77,N,N
2016-09-28,121143.25,N,N
2016-09-29,122858.49,N,N
2016-09-30,113439.775,N,Y
2016-10-01,109181.26,N,N
2016-10-02,97992.93,N,N
2016-10-03,115839.01,N,N
2016-10-04,124089.47,Y,N
2016-10-05,128558.385,Y,N
2016-10-06,115898.54,Y,N
2016-10-07,116197.73,Y,N
2016-10-08,101300.775,Y,N
2016-10-09,94954.16,Y,N
2016-10-10,116831.43,Y,N
2016-10-11,124665.82,Y,N
2016-10-12,128612.3,Y,N
2016-10-13,128242.765,Y,N
2016-10-14,121731.485,Y,N
2016-10-15,97887.485,Y,N
2016-10-16,101793.035,Y,N
2016-10-17,116042.845,Y,N
2016-10-18,123265.44,Y,N
2016-10-19,126362.045,Y,N
2016-10-20,114867.16,Y,N
2016-10-21,122975.285,Y,N
2016-10-22,114184.195,Y,N
2016-10-23,111289,Y,N
2016-10-24,125270.165,Y,N
2016-10-25,117138.355,Y,N
2016-10-26,121605.395,Y,N
2016-10-27,120142.43,Y,N
2016-10-28,119820.71,Y,N
2016-10-29,104191.105,Y,N
2016-10-30,94325.72,Y,N
2016-10-31,110661.43,Y,N
2016-11-01,104976.21,Y,Y
2016-11-02,119904.48,Y,N
2016-11-03,118677.495,Y,N
2016-11-04,113666.485,Y,N
2016-11-05,101810.75,Y,N
2016-11-06,96934.925,Y,N
2016-11-07,116230.34,Y,N
2016-11-08,117794.595,Y,N
2016-11-09,122131.115,Y,N
2016-11-10,122634.53,Y,N
2016-11-11,117953.885,Y,N
2016-11-12,99907.32,Y,N
2016-11-13,96805.925,Y,N
2016-11-14,116817.15,Y,N
2016-11-15,119905.59,Y,N
2016-11-16,122146.66,Y,N
2016-11-17,122464.645,Y,N
2016-11-18,121441.05,Y,N
2016-11-19,106868.5,Y,N
2016-11-20,112098.335,Y,N
2016-11-21,138681.815,Y,N
2016-11-22,126617.72,Y,N
2016-11-23,118119.01,Y,N
2016-11-24,120308.545,Y,N
2016-11-25,116011.565,Y,N
2016-11-26,104700.055,Y,N
2016-11-27,102718.9,Y,N
2016-11-28,118666.37,Y,N
2016-11-29,119169.17,Y,N
2016-11-30,121067.59,Y,N
2016-12-01,113024.02,Y,N
2016-12-02,109318.355,Y,N
2016-12-03,98899.495,Y,N
2016-12-04,97300.36,Y,N
2016-12-05,109670,Y,N
2016-12-06,111228.06,Y,N
2016-12-07,112738.08,Y,N
2016-12-08,105445.65,Y,N
2016-12-09,105664.09,Y,N
2016-12-10,98622.865,Y,N
2016-12-11,93673.19,Y,N
2016-12-12,120390.11,Y,N
2016-12-13,128831.65,Y,N
2016-12-14,111423.765,Y,N
2016-12-15,107072.36,Y,N
2016-12-16,113698.06,Y,N
2016-12-17,90227.48,Y,N
2016-12-18,90911.085,Y,N
2016-12-19,109260.305,Y,N
2016-12-20,106451.255,N,N
2016-12-21,104389.51,N,N
2016-12-22,105513.235,N,N
2016-12-23,112247.945,N,N
2016-12-24,114843.875,N,N
2016-12-25,114468.17,N,N
2016-12-26,106284.83,N,Y
2016-12-27,99701.43,N,Y
2016-12-28,123693.52,N,N
2016-12-29,135571.795,N,N
2016-12-30,112141.83,N,N
2016-12-31,95728.15,N,N
2017-01-01,89403.145,N,Y
2017-01-02,86507.47,N,Y
2017-01-03,97564.745,N,N
2017-01-04,116606.795,N,N
2017-01-05,128079.845,N,N
2017-01-06,136308.735,N,N
2017-01-07,134955.02,N,N
2017-01-08,122777.025,N,N
2017-01-09,116211.99,N,N
2017-01-10,120366.32,N,N
2017-01-11,111595.855,N,N
2017-01-12,118783.945,N,N
2017-01-13,111341.675,N,N
2017-01-14,88996.625,N,N
2017-01-15,90294,N,N
2017-01-16,120928.705,N,N
2017-01-17,140517.65,N,N
2017-01-18,111211.35,N,N
2017-01-19,112371.41,N,N
2017-01-20,107937.685,N,N
2017-01-21,96779.07,N,N
2017-01-22,103291.61,N,N
2017-01-23,141332.055,N,N
2017-01-24,115664.16,N,N
2017-01-25,111936.7,N,N
2017-01-26,98590.06,N,Y
2017-01-27,112513.82,N,N
2017-01-28,108336.53,N,N
2017-01-29,109020.58,N,N
2017-01-30,124292.955,N,N
2017-01-31,112863.01,Y,N
2017-02-01,114133.73,Y,N
2017-02-02,110669.27,Y,N
2017-02-03,117452.27,Y,N
2017-02-04,117361.7,Y,N
2017-02-05,110384.275,Y,N
2017-02-06,108761.37,Y,N
2017-02-07,111543.81,Y,N
2017-02-08,142213.66,Y,N
2017-02-09,155060.61,Y,N
2017-02-10,138793.59,Y,N
2017-02-11,111983.51,Y,N
2017-02-12,89003.15,Y,N
2017-02-13,104844.105,Y,N
2017-02-14,111613.05,Y,N
2017-02-15,116299.39,Y,N
2017-02-16,119947.59,Y,N
2017-02-17,111885.97,Y,N
2017-02-18,95623.35,Y,N
2017-02-19,91280.025,Y,N
2017-02-20,105341.865,Y,N
2017-02-21,112351.47,Y,N
2017-02-22,116690.17,Y,N
2017-02-23,117948.685,Y,N
2017-02-24,111229.52,Y,N
2017-02-25,95046.905,Y,N
2017-02-26,100495.615,Y,N
2017-02-27,131090.775,Y,N
2017-02-28,140167.5,Y,N
2017-03-01,137291.97,Y,N
2017-03-02,127633.275,Y,N
2017-03-03,124311.33,Y,N
2017-03-04,116083.295,Y,N
2017-03-05,103539.02,Y,N
2017-03-06,116447.855,Y,N
2017-03-07,117931.46,Y,N
2017-03-08,124370.765,Y,N
2017-03-09,129649.25,Y,N
2017-03-10,125346.075,Y,N
2017-03-11,108816.81,Y,N
2017-03-12,102617.51,Y,N
2017-03-13,104468.9,Y,Y
2017-03-14,133227.785,Y,N
2017-03-15,139672.835,Y,N
2017-03-16,124255.975,Y,N
2017-03-17,111612.075,Y,N
2017-03-18,107731.78,Y,N
2017-03-19,113593.82,Y,N
2017-03-20,131980.985,Y,N
2017-03-21,127625.365,Y,N
2017-03-22,114696.37,Y,N
2017-03-23,111632.835,Y,N
2017-03-24,115411.41,Y,N
2017-03-25,107465.98,Y,N
2017-03-26,104189.1,Y,N
2017-03-27,116237.22,Y,N
2017-03-28,111032.975,Y,N
2017-03-29,109640.33,Y,N
2017-03-30,107491.87,Y,N
2017-03-31,110662.245,N,N
2017-04-01,97402.265,N,N
2017-04-02,94477.095,N,N
2017-04-03,107895.525,N,N
2017-04-04,113138.67,N,N
2017-04-05,114191.35,N,N
2017-04-06,114817.305,N,N
2017-04-07,110160.025,N,N
2017-04-08,99084.74,N,N
2017-04-09,96041.895,N,N
2017-04-10,113287.055,N,N
2017-04-11,114159.965,N,N
2017-04-12,114335.995,N,N
2017-04-13,112704.045,N,N
2017-04-14,97436.41,N,Y
2017-04-15,99608.57,N,Y
2017-04-16,96594.745,N,Y
2017-04-17,99945.495,N,Y
2017-04-18,111955.175,N,N
2017-04-19,114436.97,Y,N
2017-04-20,112816.68,Y,N
2017-04-21,114522.44,Y,N
2017-04-22,102528.4,Y,N
2017-04-23,97356.565,Y,N
2017-04-24,109421.815,Y,N
2017-04-25,101548.735,Y,Y
2017-04-26,116795.245,Y,N
2017-04-27,126329.53,Y,N
2017-04-28,120144.19,Y,N
2017-04-29,104864.05,Y,N
2017-04-30,103756.535,Y,N
2017-05-01,115103.775,Y,N
2017-05-02,120718.64,Y,N
2017-05-03,129196.445,Y,N
2017-05-04,127260.05,Y,N
2017-05-05,123150.385,Y,N
2017-05-06,105013.07,Y,N
2017-05-07,107424.07,Y,N
2017-05-08,125858.27,Y,N
2017-05-09,126760.71,Y,N
2017-05-10,125747.735,Y,N
2017-05-11,128753.13,Y,N
2017-05-12,123523,Y,N
2017-05-13,109477.42,Y,N
2017-05-14,107497.03,Y,N
2017-05-15,125871.915,Y,N
2017-05-16,127820.715,Y,N
2017-05-17,125072.675,Y,N
2017-05-18,122910.48,Y,N
2017-05-19,123351.45,Y,N
2017-05-20,109111.615,Y,N
2017-05-21,105912.16,Y,N
2017-05-22,113551.04,Y,N
2017-05-23,119127.205,Y,N
2017-05-24,121571.97,Y,N
2017-05-25,124010.03,Y,N
2017-05-26,123130.6,Y,N
2017-05-27,104643.675,Y,N
2017-05-28,110029.55,Y,N
2017-05-29,130516.1,Y,N
2017-05-30,132762.38,Y,N
2017-05-31,139030.795,Y,N
2017-06-01,140202.735,Y,N
2017-06-02,136856.8,Y,N
2017-06-03,122161.405,Y,N
2017-06-04,118953.95,Y,N
2017-06-05,132877.45,Y,N
2017-06-06,133274.53,Y,N
2017-06-07,136116.12,Y,N
2017-06-08,139511.78,Y,N
2017-06-09,130994.54,Y,N
2017-06-10,120698.915,Y,N
2017-06-11,113374.465,Y,N
2017-06-12,117691.685,Y,Y
2017-06-13,135184.95,Y,N
2017-06-14,136253.42,Y,N
2017-06-15,135303.255,Y,N
2017-06-16,135269.635,Y,N
2017-06-17,121178.68,Y,N
2017-06-18,116112.74,Y,N
2017-06-19,134925.74,Y,N
2017-06-20,131996.97,Y,N
2017-06-21,139814.3,Y,N
2017-06-22,140348.57,Y,N
2017-06-23,132029.575,Y,N
2017-06-24,122393.325,Y,N
2017-06-25,118103.865,Y,N
2017-06-26,138040.38,Y,N
2017-06-27,144526.63,Y,N
2017-06-28,141351.895,Y,N
2017-06-29,138124.06,Y,N
2017-06-30,139275.775,N,N
2017-07-01,125949.5,N,N
2017-07-02,120137.45,N,N
2017-07-03,139765.32,N,N
2017-07-04,134029.805,N,N
2017-07-05,134084.665,N,N
2017-07-06,137899.715,N,N
2017-07-07,134078.07,N,N
2017-07-08,123687.97,N,N
2017-07-09,116064.03,N,N
2017-07-10,133132.325,N,N
2017-07-11,137352.78,N,N
2017-07-12,138152.105,N,N
2017-07-13,134622.39,N,N
2017-07-14,131387.745,N,N
2017-07-15,124486.695,N,N
2017-07-16,119927.64,N,N
2017-07-17,131868.24,N,N
2017-07-18,136121.835,Y,N
2017-07-19,133906.26,Y,N
2017-07-20,139316.29,Y,N
2017-07-21,140073.895,Y,N
2017-07-22,122397.13,Y,N
2017-07-23,118007.665,Y,N
2017-07-24,136330.59,Y,N
2017-07-25,129699.265,Y,N
2017-07-26,133198.34,Y,N
2017-07-27,136003.915,Y,N
2017-07-28,130432.05,Y,N
2017-07-29,111331.235,Y,N
2017-07-30,107580.495,Y,N
2017-07-31,132276.88,Y,N
2017-08-01,137617.88,Y,N
2017-08-02,140729.185,Y,N
2017-08-03,151355.43,Y,N
2017-08-04,141647.895,Y,N
2017-08-05,116696.455,Y,N
2017-08-06,117351.14,Y,N
2017-08-07,138963.175,Y,N
2017-08-08,139108.435,Y,N
2017-08-09,130044.375,Y,N
2017-08-10,122361.925,Y,N
2017-08-11,122862.345,Y,N
2017-08-12,113669.45,Y,N
2017-08-13,106274.56,Y,N
2017-08-14,121533.955,Y,N
2017-08-15,127193.3,Y,N
2017-08-16,121445.38,Y,N
2017-08-17,129223.805,Y,N
2017-08-18,133562.985,Y,N
2017-08-19,124852.67,Y,N
2017-08-20,119798.995,Y,N
2017-08-21,140410.295,Y,N
2017-08-22,133809.455,Y,N
2017-08-23,133056.82,Y,N
2017-08-24,135619.94,Y,N
2017-08-25,133666.575,Y,N
2017-08-26,117444.1,Y,N
2017-08-27,115177.935,Y,N
2017-08-28,139414.495,Y,N
2017-08-29,139814.04,Y,N
2017-08-30,137513.465,Y,N
2017-08-31,133982.255,Y,N
2017-09-01,128707.425,Y,N
2017-09-02,114098.115,Y,N
2017-09-03,103964.33,Y,N
2017-09-04,128001.055,Y,N
2017-09-05,137696.67,Y,N
2017-09-06,134819.945,Y,N
2017-09-07,133405.72,Y,N
2017-09-08,132543.1,Y,N
2017-09-09,120454.01,Y,N
2017-09-10,114584.065,Y,N
2017-09-11,127169.03,Y,N
2017-09-12,130906.89,Y,N
2017-09-13,127192.315,Y,N
2017-09-14,131986.805,Y,N
2017-09-15,128761.605,Y,N
2017-09-16,111301.56,Y,N
2017-09-17,104766,Y,N
2017-09-18,115123.54,Y,N
2017-09-19,124033.955,Y,N
2017-09-20,123461.38,Y,N
2017-09-21,119309.93,Y,N
2017-09-22,116611.25,N,N
2017-09-23,101012.29,N,N
2017-09-24,92608.24,N,N
2017-09-25,119126.485,N,N
2017-09-26,124452.94,N,N
2017-09-27,119028.07,N,N
2017-09-28,116655.855,N,N
2017-09-29,102847.255,N,Y
2017-09-30,100701.82,N,N
2017-10-01,103556.74,N,N
2017-10-02,119226.42,N,N
2017-10-03,118856.415,N,N
2017-10-04,114604.62,N,N
2017-10-05,113134.58,N,N
2017-10-06,118359.28,N,N
2017-10-07,101974.595,N,N
2017-10-08,97053.545,N,N
2017-10-09,111432.365,N,N
2017-10-10,116556.425,Y,N
2017-10-11,114133.54,Y,N
2017-10-12,113957.735,Y,N
2017-10-13,117048.725,Y,N
2017-10-14,102037.165,Y,N
2017-10-15,98108.815,Y,N
2017-10-16,115907.395,Y,N
2017-10-17,117470.22,Y,N
2017-10-18,121087.1,Y,N
2017-10-19,118201.175,Y,N
2017-10-20,108412.665,Y,N
2017-10-21,102195.975,Y,N
2017-10-22,100571.04,Y,N
2017-10-23,115549.435,Y,N
2017-10-24,118010.31,Y,N
2017-10-25,115813.03,Y,N
2017-10-26,117333.445,Y,N
2017-10-27,112633.265,Y,N
2017-10-28,100746.42,Y,N
2017-10-29,92182.955,Y,N
2017-10-30,112227.65,Y,N
2017-10-31,116179.47,Y,N
2017-11-01,116632.09,Y,N
2017-11-02,120470.785,Y,N
2017-11-03,113451.995,Y,N
2017-11-04,101610.815,Y,N
2017-11-05,95368.165,Y,N
2017-11-06,104632.79,Y,N
2017-11-07,100592.295,Y,Y
2017-11-08,111738.485,Y,N
2017-11-09,113539.935,Y,N
2017-11-10,115156.445,Y,N
2017-11-11,104194.345,Y,N
2017-11-12,98774.235,Y,N
2017-11-13,125795.84,Y,N
2017-11-14,135420.82,Y,N
2017-11-15,130385.05,Y,N
2017-11-16,116715.965,Y,N
2017-11-17,117797.62,Y,N
2017-11-18,106730.21,Y,N
2017-11-19,101256.78,Y,N
2017-11-20,128658.27,Y,N
2017-11-21,137151.495,Y,N
2017-11-22,138882.25,Y,N
2017-11-23,135162.115,Y,N
2017-11-24,133951.29,Y,N
2017-11-25,121219.595,Y,N
2017-11-26,108717.875,Y,N
2017-11-27,115429.005,Y,N
2017-11-28,129798.47,Y,N
2017-11-29,151730.95,Y,N
2017-11-30,154632.335,Y,N
2017-12-01,125141.9,Y,N
2017-12-02,99234.22,Y,N
2017-12-03,92487.705,Y,N
2017-12-04,111625.98,Y,N
2017-12-05,113063.675,Y,N
2017-12-06,115383.13,Y,N
2017-12-07,115736.97,Y,N
2017-12-08,109568.47,Y,N
2017-12-09,99334.8,Y,N
2017-12-10,97715.01,Y,N
2017-12-11,114680.185,Y,N
2017-12-12,121945.175,Y,N
2017-12-13,146933.095,Y,N
2017-12-14,129280.81,Y,N
2017-12-15,120821.055,Y,N
2017-12-16,110154.36,Y,N
2017-12-17,107212.84,Y,N
2017-12-18,138949.675,Y,N
2017-12-19,142870.395,Y,N
2017-12-20,114916.99,Y,N
2017-12-21,114462.53,Y,N
2017-12-22,116428.79,N,N
2017-12-23,109364.01,N,N
2017-12-24,92856.23,N,N
2017-12-25,85094.375,N,Y
2017-12-26,98638.855,N,Y
2017-12-27,128753.755,N,N
2017-12-28,130699.155,N,N
2017-12-29,115572.045,N,N
2017-12-30,96358.975,N,N
2017-12-31,95700.48,N,N
2018-01-01,95959.685,N,Y
2018-01-02,105277.85,N,N
2018-01-03,106373.825,N,N
2018-01-04,113337.685,N,N
2018-01-05,123247.735,N,N
2018-01-06,133705.845,N,N
2018-01-07,107142.815,N,N
2018-01-08,118832.07,N,N
2018-01-09,111361.05,N,N
2018-01-10,116530.04,N,N
2018-01-11,139607.905,N,N
2018-01-12,132022.87,N,N
2018-01-13,98977.05,N,N
2018-01-14,92021.68,N,N
2018-01-15,109389.095,N,N
2018-01-16,116074.03,N,N
2018-01-17,129286.365,N,N
2018-01-18,154648.065,N,N
2018-01-19,165070.595,N,N
2018-01-20,124825.025,N,N
2018-01-21,127305.2,N,N
2018-01-22,137955.425,N,N
2018-01-23,128314.47,N,N
2018-01-24,128899.765,N,N
2018-01-25,139245.21,N,N
2018-01-26,128599.46,N,Y
2018-01-27,139114.585,N,N
2018-01-28,159436.69,N,N
2018-01-29,160437.565,N,N
2018-01-30,115239.57,N,N
2018-01-31,108524.18,Y,N
2018-02-01,109949.21,Y,N
2018-02-02,112946.34,Y,N
2018-02-03,104947.325,Y,N
2018-02-04,106065.935,Y,N
2018-02-05,126465.96,Y,N
2018-02-06,137539.725,Y,N
2018-02-07,159307.315,Y,N
2018-02-08,149473.01,Y,N
2018-02-09,137101.87,Y,N
2018-02-10,118113.8,Y,N
2018-02-11,100440.29,Y,N
2018-02-12,116209.13,Y,N
2018-02-13,124882.715,Y,N
2018-02-14,115269.5,Y,N
2018-02-15,117260.245,Y,N
2018-02-16,114736.355,Y,N
2018-02-17,105799.935,Y,N
2018-02-18,105085.515,Y,N
2018-02-19,113116.425,Y,N
2018-02-20,120035.385,Y,N
2018-02-21,124481.415,Y,N
2018-02-22,133607.065,Y,N
2018-02-23,136328.345,Y,N
2018-02-24,119226.435,Y,N
2018-02-25,96305.07,Y,N
2018-02-26,117952.365,Y,N
2018-02-27,127894.285,Y,N
2018-02-28,123400.17,Y,N
2018-03-01,117346.26,Y,N
2018-03-02,119960.33,Y,N
2018-03-03,111096.305,Y,N
2018-03-04,101334.2,Y,N
2018-03-05,112527.285,Y,N
2018-03-06,113850.81,Y,N
2018-03-07,122717.5,Y,N
2018-03-08,128732.59,Y,N
2018-03-09,127805.485,Y,N
2018-03-10,120398.885,Y,N
2018-03-11,104486.18,Y,N
2018-03-12,97542.31,Y,Y
2018-03-13,112663.625,Y,N
2018-03-14,114195.35,Y,N
2018-03-15,116045.27,Y,N
2018-03-16,116284.345,Y,N
2018-03-17,110715.12,Y,N
2018-03-18,97262.705,Y,N
2018-03-19,111617.945,Y,N
2018-03-20,110794.26,Y,N
2018-03-21,111254.315,Y,N
2018-03-22,115020.505,Y,N
2018-03-23,119298.325,Y,N
2018-03-24,112312.695,Y,N
2018-03-25,98918.515,Y,N
2018-03-26,112488.215,Y,N
2018-03-27,116809.365,Y,N
2018-03-28,117744.005,Y,N
2018-03-29,116457.26,N,N
2018-03-30,97070.345,N,Y
2018-03-31,99687.64,N,Y
2018-04-01,98817.03,N,Y
2018-04-02,98258.25,N,Y
2018-04-03,113381.53,N,N
2018-04-04,115974.61,N,N
2018-04-05,117551.695,N,N
2018-04-06,115979.07,N,N
2018-04-07,105938.475,N,N
2018-04-08,100571.165,N,N
2018-04-09,118702.925,N,N
2018-04-10,122423.01,N,N
2018-04-11,121944.995,N,N
2018-04-12,119876.63,N,N
2018-04-13,113609.76,N,N
2018-04-14,105135.305,N,N
2018-04-15,104123.39,N,N
2018-04-16,115694.64,N,N
2018-04-17,121092.855,Y,N
2018-04-18,120784.875,Y,N
2018-04-19,120448.935,Y,N
2018-04-20,118324.09,Y,N
2018-04-21,107479.26,Y,N
2018-04-22,103662.05,Y,N
2018-04-23,117799.97,Y,N
2018-04-24,117642.645,Y,N
2018-04-25,106654.955,Y,Y
2018-04-26,117617.51,Y,N
2018-04-27,119079.465,Y,N
2018-04-28,108613.38,Y,N
2018-04-29,105277.715,Y,N
2018-04-30,121551.685,Y,N
2018-05-01,122642.235,Y,N
2018-05-02,118716.595,Y,N
2018-05-03,117357.835,Y,N
2018-05-04,116870.46,Y,N
2018-05-05,106892.995,Y,N
2018-05-06,105840.39,Y,N
2018-05-07,118254.555,Y,N
2018-05-08,122876.865,Y,N
2018-05-09,122721.46,Y,N
2018-05-10,128518.505,Y,N
2018-05-11,133467.37,Y,N
2018-05-12,111273.755,Y,N
2018-05-13,108729.71,Y,N
2018-05-14,129885.955,Y,N
2018-05-15,131900.52,Y,N
2018-05-16,133399.23,Y,N
2018-05-17,131757.155,Y,N
2018-05-18,127353.575,Y,N
2018-05-19,119262.145,Y,N
2018-05-20,112349.26,Y,N
2018-05-21,124046.805,Y,N
2018-05-22,126922.995,Y,N
2018-05-23,129352.83,Y,N
2018-05-24,129553.94,Y,N
2018-05-25,127957.57,Y,N
2018-05-26,115384.085,Y,N
2018-05-27,106044.51,Y,N
2018-05-28,119360.265,Y,N
2018-05-29,123142.76,Y,N
2018-05-30,127830.62,Y,N
2018-05-31,131159.945,Y,N
2018-06-01,135864.065,Y,N
2018-06-02,123226.075,Y,N
2018-06-03,121177.585,Y,N
2018-06-04,135385.41,Y,N
2018-06-05,132975.13,Y,N
2018-06-06,132038.425,Y,N
2018-06-07,128577.63,Y,N
2018-06-08,129910.015,Y,N
2018-06-09,120232.195,Y,N
2018-06-10,117037.865,Y,N
2018-06-11,113420.985,Y,Y
2018-06-12,127261.295,Y,N
2018-06-13,131574.605,Y,N
2018-06-14,130544.485,Y,N
2018-06-15,133009.01,Y,N
2018-06-16,124351.235,Y,N
2018-06-17,120785.595,Y,N
2018-06-18,138518.735,Y,N
2018-06-19,143830.12,Y,N
2018-06-20,141305.88,Y,N
2018-06-21,143542.02,Y,N
2018-06-22,140296.4,Y,N
2018-06-23,132165.425,Y,N
2018-06-24,125850.58,Y,N
2018-06-25,141972.715,Y,N
2018-06-26,142842.4,Y,N
2018-06-27,148100.13,Y,N
2018-06-28,150445.47,Y,N
2018-06-29,139188.48,N,N
2018-06-30,125394.425,N,N
2018-07-01,124313.07,N,N
2018-07-02,140713.255,N,N
2018-07-03,135759.275,N,N
2018-07-04,128580.975,N,N
2018-07-05,125861.6,N,N
2018-07-06,124242.52,N,N
2018-07-07,119717.435,N,N
2018-07-08,114562.215,N,N
2018-07-09,133874.475,N,N
2018-07-10,140342.995,N,N
2018-07-11,143461.125,N,N
2018-07-12,145767.1,N,N
2018-07-13,140542.95,N,N
2018-07-14,124491.53,N,N
2018-07-15,119464.315,N,N
2018-07-16,137446.75,N,N
2018-07-17,131367.09,Y,N
2018-07-18,132856.72,Y,N
2018-07-19,133778.445,Y,N
2018-07-20,135728.405,Y,N
2018-07-21,125928.62,Y,N
2018-07-22,114186.8,Y,N
2018-07-23,134664.655,Y,N
2018-07-24,132967.19,Y,N
2018-07-25,135308.295,Y,N
2018-07-26,137634.125,Y,N
2018-07-27,130119.5,Y,N
2018-07-28,116942.94,Y,N
2018-07-29,111555,Y,N
2018-07-30,135422.135,Y,N
2018-07-31,129519.995,Y,N
2018-08-01,134004.96,Y,N
2018-08-02,129025,Y,N
2018-08-03,129740.315,Y,N
2018-08-04,116238.175,Y,N
2018-08-05,104912.38,Y,N
2018-08-06,127198.78,Y,N
2018-08-07,131851.015,Y,N
2018-08-08,131939.5,Y,N
2018-08-09,135670.99,Y,N
2018-08-10,121875.355,Y,N
2018-08-11,119988.735,Y,N
2018-08-12,115231.85,Y,N
2018-08-13,127541.57,Y,N
2018-08-14,121073.45,Y,N
2018-08-15,122602.115,Y,N
2018-08-16,131137.065,Y,N
2018-08-17,125189.54,Y,N
2018-08-18,116571.26,Y,N
2018-08-19,119707.93,Y,N
2018-08-20,138918.385,Y,N
2018-08-21,138424.25,Y,N
2018-08-22,136240.845,Y,N
2018-08-23,131956.725,Y,N
2018-08-24,130210.94,Y,N
2018-08-25,116471.775,Y,N
2018-08-26,111436.265,Y,N
2018-08-27,131280.85,Y,N
2018-08-28,139563.095,Y,N
2018-08-29,136032.16,Y,N
2018-08-30,139752.545,Y,N
2018-08-31,130466.915,Y,N
2018-09-01,116344.565,Y,N
2018-09-02,118402.905,Y,N
2018-09-03,131448.995,Y,N
2018-09-04,128192.085,Y,N
2018-09-05,118307.155,Y,N
2018-09-06,116467.37,Y,N
2018-09-07,123583.52,Y,N
2018-09-08,109948.615,Y,N
2018-09-09,107838.95,Y,N
2018-09-10,123132.625,Y,N
2018-09-11,111096.53,Y,N
2018-09-12,112935.04,Y,N
2018-09-13,117880.565,Y,N
2018-09-14,111213.15,Y,N
2018-09-15,108632.355,Y,N
2018-09-16,113030.005,Y,N
2018-09-17,118208.24,Y,N
2018-09-18,119622.285,Y,N
2018-09-19,123787.77,Y,N
2018-09-20,125335.57,Y,N
2018-09-21,120372.48,N,N
2018-09-22,107731.72,N,N
2018-09-23,107332.1,N,N
2018-09-24,119535.715,N,N
2018-09-25,124797.085,N,N
2018-09-26,119238.345,N,N
2018-09-27,110878.67,N,N
2018-09-28,108622.42,N,Y
2018-09-29,109315.065,N,N
2018-09-30,106236.23,N,N
2018-10-01,114466.64,N,N
2018-10-02,114458.205,N,N
2018-10-03,115490.835,N,N
2018-10-04,115294.12,N,N
2018-10-05,112576.545,N,N
2018-10-06,102988.145,N,N
2018-10-07,100476.705,N,N
2018-10-08,113945.5,N,N
2018-10-09,116449.31,Y,N
2018-10-10,109551.08,Y,N
2018-10-11,110432.33,Y,N
2018-10-12,110457.335,Y,N
2018-10-13,96584.745,Y,N
2018-10-14,90918.615,Y,N
2018-10-15,108070.275,Y,N
2018-10-16,113889.41,Y,N
2018-10-17,112592.26,Y,N
2018-10-18,112806.585,Y,N
2018-10-19,107940.16,Y,N
2018-10-20,99368.855,Y,N
2018-10-21,98427.53,Y,N
2018-10-22,105893.615,Y,N
2018-10-23,109241.565,Y,N
2018-10-24,111423.365,Y,N
2018-10-25,112414.39,Y,N
2018-10-26,111145.12,Y,N
2018-10-27,97973.985,Y,N
2018-10-28,95624.015,Y,N
2018-10-29,110196.615,Y,N
2018-10-30,113459.025,Y,N
2018-10-31,114402.745,Y,N
2018-11-01,119350.665,Y,N
2018-11-02,116793.855,Y,N
2018-11-03,93859.285,Y,N
2018-11-04,96432.625,Y,N
2018-11-05,107014.075,Y,N
2018-11-06,100696.565,Y,Y
2018-11-07,106387.195,Y,N
2018-11-08,109430.37,Y,N
2018-11-09,112506.95,Y,N
2018-11-10,100203.55,Y,N
2018-11-11,94602.89,Y,N
2018-11-12,114159.595,Y,N
2018-11-13,120185.265,Y,N
2018-11-14,116487.58,Y,N
2018-11-15,108628.34,Y,N
2018-11-16,107405.925,Y,N
2018-11-17,90498.92,Y,N
2018-11-18,92043.13,Y,N
2018-11-19,113978.535,Y,N
2018-11-20,118330.625,Y,N
2018-11-21,106618.195,Y,N
2018-11-22,107278.83,Y,N
2018-11-23,113582.6,Y,N
2018-11-24,101352.12,Y,N
2018-11-25,96240.41,Y,N
2018-11-26,110547.605,Y,N
2018-11-27,109706.42,Y,N
2018-11-28,106684.825,Y,N
2018-11-29,112586.74,Y,N
2018-11-30,110031.82,Y,N
2018-12-01,100725.24,Y,N
2018-12-02,88903.065,Y,N
2018-12-03,107666.305,Y,N
2018-12-04,111718.075,Y,N
2018-12-05,114225.12,Y,N
2018-12-06,135452.26,Y,N
2018-12-07,156648.405,Y,N
2018-12-08,121237.47,Y,N
2018-12-09,102161.115,Y,N
2018-12-10,110803.765,Y,N
2018-12-11,114413.785,Y,N
2018-12-12,129715.465,Y,N
2018-12-13,114986.33,Y,N
2018-12-14,110025.465,Y,N
2018-12-15,102577.145,Y,N
2018-12-16,99110.775,Y,N
2018-12-17,112804.4,Y,N
2018-12-18,113485.105,Y,N
2018-12-19,119907.245,Y,N
2018-12-20,111880.525,Y,N
2018-12-21,102075.925,N,N
2018-12-22,92725.74,N,N
2018-12-23,94938.395,N,N
2018-12-24,112358.815,N,N
2018-12-25,98191.655,N,Y
2018-12-26,100017.195,N,Y
2018-12-27,129749.14,N,N
2018-12-28,133831.375,N,N
2018-12-29,108290.11,N,N
2018-12-30,99613.865,N,N
2018-12-31,103381.915,N,N
2019-01-01,98933.06,N,Y
2019-01-02,106470.675,N,N
2019-01-03,118789.605,N,N
2019-01-04,133288.46,N,N
2019-01-05,97262.79,N,N
2019-01-06,93606.215,N,N
2019-01-07,109874.9,N,N
2019-01-08,113446.1,N,N
2019-01-09,105483.435,N,N
2019-01-10,108078.695,N,N
2019-01-11,119728.635,N,N
2019-01-12,108628.96,N,N
2019-01-13,101853.24,N,N
2019-01-14,147070.535,N,N
2019-01-15,152496.245,N,N
2019-01-16,136971.755,N,N
2019-01-17,145211.49,N,N
2019-01-18,134898.21,N,N
2019-01-19,101692.45,N,N
2019-01-20,102283.13,N,N
2019-01-21,130517.97,N,N
2019-01-22,141444.78,N,N
2019-01-23,125501.15,N,N
2019-01-24,155891.345,N,N
2019-01-25,168894.845,N,N
2019-01-26,114818.665,N,Y
2019-01-27,99801.575,N,N
2019-01-28,112374.63,N,Y
2019-01-29,138455.455,N,N
2019-01-30,142113.375,N,N
2019-01-31,110277.21,Y,N
2019-02-01,104422.79,Y,N
2019-02-02,124749.065,Y,N
2019-02-03,133287.585,Y,N
2019-02-04,119168.96,Y,N
2019-02-05,119702.045,Y,N
2019-02-06,140497.815,Y,N
2019-02-07,141593.545,Y,N
2019-02-08,117327.495,Y,N
2019-02-09,95668.77,Y,N
2019-02-10,94786.72,Y,N
2019-02-11,114085.645,Y,N
2019-02-12,107697.205,Y,N
2019-02-13,106692.845,Y,N
2019-02-14,107655.08,Y,N
2019-02-15,113910.46,Y,N
2019-02-16,106467.235,Y,N
2019-02-17,108470.925,Y,N
2019-02-18,116995.065,Y,N
2019-02-19,110531.6,Y,N
2019-02-20,108972.305,Y,N
2019-02-21,110235.335,Y,N
2019-02-22,109901.76,Y,N
2019-02-23,99890.25,Y,N
2019-02-24,106877.865,Y,N
2019-02-25,133476.605,Y,N
2019-02-26,123114.115,Y,N
2019-02-27,125272.27,Y,N
2019-02-28,150472.255,Y,N
2019-03-01,163682.04,Y,N
2019-03-02,146265.115,Y,N
2019-03-03,138597.69,Y,N
2019-03-04,136528.81,Y,N
2019-03-05,126073.53,Y,N
2019-03-06,108723.615,Y,N
2019-03-07,114519.865,Y,N
2019-03-08,117281.2,Y,N
2019-03-09,106854.935,Y,N
2019-03-10,101994.055,Y,N
2019-03-11,103219.08,Y,Y
2019-03-12,110086.7,Y,N
2019-03-13,114740.52,Y,N
2019-03-14,112785.78,Y,N
2019-03-15,111179.125,Y,N
2019-03-16,105119.48,Y,N
2019-03-17,105669.045,Y,N
2019-03-18,121954.385,Y,N
2019-03-19,123290.835,Y,N
2019-03-20,123994.3,Y,N
2019-03-21,124181.405,Y,N
2019-03-22,128305.64,Y,N
2019-03-23,109147.65,Y,N
2019-03-24,104226.83,Y,N
2019-03-25,107583.935,Y,N
2019-03-26,108840.18,Y,N
2019-03-27,113307.595,Y,N
2019-03-28,113923.16,Y,N
2019-03-29,110768.285,Y,N
2019-03-30,101262.655,Y,N
2019-03-31,101119.835,Y,N
2019-04-01,116817.43,Y,N
2019-04-02,114927.205,Y,N
2019-04-03,115188.76,Y,N
2019-04-04,113763.835,Y,N
2019-04-05,111484.73,N,N
2019-04-06,102229.645,N,N
2019-04-07,93590.425,N,N
2019-04-08,108543.635,N,N
2019-04-09,111999.04,N,N
2019-04-10,120858.98,N,N
2019-04-11,116890.61,N,N
2019-04-12,114848.77,N,N
2019-04-13,105963.555,N,N
2019-04-14,98680,N,N
2019-04-15,114194.955,N,N
2019-04-16,115392.875,N,N
2019-04-17,117281.13,N,N
2019-04-18,111360.065,N,N
2019-04-19,95967.405,N,Y
2019-04-20,95654.36,N,Y
2019-04-21,94810.665,N,Y
2019-04-22,100246.51,N,Y
2019-04-23,114240.885,N,N
2019-04-24,113264.23,Y,N
2019-04-25,98112.465,Y,Y
2019-04-26,107226.59,Y,N
2019-04-27,105374.93,Y,N
2019-04-28,101057.43,Y,N
2019-04-29,118307.525,Y,N
2019-04-30,110515.6,Y,N
2019-05-01,111462.385,Y,N
2019-05-02,112948.4,Y,N
2019-05-03,110902.185,Y,N
2019-05-04,103616.145,Y,N
2019-05-05,104770.705,Y,N
2019-05-06,121535.485,Y,N
2019-05-07,116318.435,Y,N
2019-05-08,118801.84,Y,N
2019-05-09,122003.335,Y,N
2019-05-10,123850.86,Y,N
2019-05-11,113186.735,Y,N
2019-05-12,110416.88,Y,N
2019-05-13,119598.605,Y,N
2019-05-14,123005.31,Y,N
2019-05-15,126264.775,Y,N
2019-05-16,127389.485,Y,N
2019-05-17,126934.24,Y,N
2019-05-18,112990.635,Y,N
2019-05-19,104054.85,Y,N
2019-05-20,118733.42,Y,N
2019-05-21,121766.77,Y,N
2019-05-22,122015.59,Y,N
2019-05-23,119118.11,Y,N
2019-05-24,118924.765,Y,N
2019-05-25,104949.95,Y,N
2019-05-26,106153.43,Y,N
2019-05-27,130229.295,Y,N
2019-05-28,133799.655,Y,N
2019-05-29,136301.49,Y,N
2019-05-30,138857.135,Y,N
2019-05-31,133869.14,Y,N
2019-06-01,120653.435,Y,N
2019-06-02,118086.93,Y,N
2019-06-03,135437.85,Y,N
2019-06-04,136149.125,Y,N
2019-06-05,137844.815,Y,N
2019-06-06,134971.775,Y,N
2019-06-07,132003.44,Y,N
2019-06-08,117243.63,Y,N
2019-06-09,110669.42,Y,N
2019-06-10,108133.03,Y,Y
2019-06-11,122760.92,Y,N
2019-06-12,128127.75,Y,N
2019-06-13,128535.19,Y,N
2019-06-14,128153.195,Y,N
2019-06-15,121097.845,Y,N
2019-06-16,116811.39,Y,N
2019-06-17,129972.915,Y,N
2019-06-18,137922.22,Y,N
2019-06-19,144737.12,Y,N
2019-06-20,148609.595,Y,N
2019-06-21,144504.33,Y,N
2019-06-22,132829.29,Y,N
2019-06-23,133525.32,Y,N
2019-06-24,146856.8,Y,N
2019-06-25,145807.25,Y,N
2019-06-26,139351.56,Y,N
2019-06-27,131023.66,Y,N
2019-06-28,123546.62,N,N
2019-06-29,117924.13,N,N
2019-06-30,116150.915,N,N
2019-07-01,130565.58,N,N
2019-07-02,135866.75,N,N
2019-07-03,137327.7,N,N
2019-07-04,135182.725,N,N
2019-07-05,132774.295,N,N
2019-07-06,114660.9,N,N
2019-07-07,114469.88,N,N
2019-07-08,127307.26,N,N
2019-07-09,133803.985,N,N
2019-07-10,127092.715,N,N
2019-07-11,133131.52,N,N
2019-07-12,128384.14,N,N
2019-07-13,123954.31,N,N
2019-07-14,123740.265,N,N
2019-07-15,131739.2,N,N
2019-07-16,132941.77,Y,N
2019-07-17,135339.82,Y,N
2019-07-18,134119.14,Y,N
2019-07-19,132101.86,Y,N
2019-07-20,111288.905,Y,N
2019-07-21,111293.15,Y,N
2019-07-22,123618.42,Y,N
2019-07-23,129008.62,Y,N
2019-07-24,135782.545,Y,N
2019-07-25,132940.63,Y,N
2019-07-26,136493.13,Y,N
2019-07-27,121958.69,Y,N
2019-07-28,118413.135,Y,N
2019-07-29,133205.18,Y,N
2019-07-30,138858.045,Y,N
2019-07-31,140275.83,Y,N
2019-08-01,137651.135,Y,N
2019-08-02,135633.89,Y,N
2019-08-03,119933.7,Y,N
2019-08-04,120350.215,Y,N
2019-08-05,125652.055,Y,N
2019-08-06,132120.39,Y,N
2019-08-07,136315.38,Y,N
2019-08-08,133004.73,Y,N
2019-08-09,142555.105,Y,N
2019-08-10,128554.605,Y,N
2019-08-11,121028.325,Y,N
2019-08-12,136683.4,Y,N
2019-08-13,141474.265,Y,N
2019-08-14,134681.435,Y,N
2019-08-15,128119.715,Y,N
2019-08-16,129781.155,Y,N
2019-08-17,115460.6,Y,N
2019-08-18,110816.375,Y,N
2019-08-19,131067.25,Y,N
2019-08-20,131438.55,Y,N
2019-08-21,120747.08,Y,N
2019-08-22,127697.99,Y,N
2019-08-23,126763.365,Y,N
2019-08-24,107303.475,Y,N
2019-08-25,113980.3,Y,N
2019-08-26,132704.365,Y,N
2019-08-27,130964.885,Y,N
2019-08-28,137660.94,Y,N
2019-08-29,134233.345,Y,N
2019-08-30,131871.08,Y,N
2019-08-31,107616.03,Y,N
2019-09-01,106779.475,Y,N
2019-09-02,121697.38,Y,N
2019-09-03,118871.215,Y,N
2019-09-04,122652.81,Y,N
2019-09-05,120223.175,Y,N
2019-09-06,122222.69,Y,N
2019-09-07,115200.19,Y,N
2019-09-08,116999.07,Y,N
2019-09-09,130448.115,Y,N
2019-09-10,131665.015,Y,N
2019-09-11,121100.045,Y,N
2019-09-12,118723.07,Y,N
2019-09-13,120349.015,Y,N
2019-09-14,103500.955,Y,N
2019-09-15,105149.02,Y,N
2019-09-16,119362.235,Y,N
2019-09-17,124129.44,Y,N
2019-09-18,119715.705,Y,N
2019-09-19,108102.56,Y,N
2019-09-20,107222.345,N,N
2019-09-21,101348.35,N,N
2019-09-22,102386.525,N,N
2019-09-23,121862.885,N,N
2019-09-24,125787.33,N,N
2019-09-25,124302.93,N,N
2019-09-26,117320.175,N,N
2019-09-27,106043.02,N,Y
2019-09-28,108762.31,N,N
2019-09-29,104804.09,N,N
2019-09-30,121770.82,N,N
2019-10-01,117265.275,N,N
2019-10-02,110760.825,N,N
2019-10-03,109312.85,N,N
2019-10-04,117512.56,N,N
2019-10-05,101386.01,N,N
2019-10-06,93011.345,N,N
2019-10-07,113296.31,N,N
2019-10-08,117504.775,Y,N
2019-10-09,122771.82,Y,N
2019-10-10,123692.08,Y,N
2019-10-11,115250.505,Y,N
2019-10-12,101053.365,Y,N
2019-10-13,94744.7,Y,N
2019-10-14,110290.12,Y,N
2019-10-15,112052.12,Y,N
2019-10-16,117533.72,Y,N
2019-10-17,116690.04,Y,N
2019-10-18,109857.485,Y,N
2019-10-19,102032.495,Y,N
2019-10-20,102684.515,Y,N
2019-10-21,114502.07,Y,N
2019-10-22,114108.545,Y,N
2019-10-23,114281.615,Y,N
2019-10-24,115442.655,Y,N
2019-10-25,109130.77,Y,N
2019-10-26,96698.285,Y,N
2019-10-27,102830.555,Y,N
2019-10-28,112634.635,Y,N
2019-10-29,111887.405,Y,N
2019-10-30,117375.73,Y,N
2019-10-31,121752.875,Y,N
2019-11-01,130510.905,Y,N
2019-11-02,105806.825,Y,N
2019-11-03,96867.015,Y,N
2019-11-04,107279.84,Y,N
2019-11-05,96817,Y,Y
2019-11-06,104381.38,Y,N
2019-11-07,115132.64,Y,N
2019-11-08,113954.78,Y,N
2019-11-09,108924.79,Y,N
2019-11-10,101550.045,Y,N
2019-11-11,106758.95,Y,N
2019-11-12,104303.46,Y,N
2019-11-13,112573.54,Y,N
2019-11-14,109828.93,Y,N
2019-11-15,110954.755,Y,N
2019-11-16,97646.12,Y,N
2019-11-17,96742.49,Y,N
2019-11-18,109148.25,Y,N
2019-11-19,112033.87,Y,N
2019-11-20,119736.125,Y,N
2019-11-21,131312,Y,N
2019-11-22,109049.365,Y,N
2019-11-23,97245.765,Y,N
2019-11-24,96778.25,Y,N
2019-11-25,113899.3,Y,N
2019-11-26,107629.16,Y,N
2019-11-27,108417.695,Y,N
2019-11-28,112735.875,Y,N
2019-11-29,114799.91,Y,N
2019-11-30,98959.56,Y,N
2019-12-01,100233.98,Y,N
2019-12-02,110609.4,Y,N
2019-12-03,109094.04,Y,N
2019-12-04,107400.705,Y,N
2019-12-05,107891.69,Y,N
2019-12-06,105028.985,Y,N
2019-12-07,95436.3,Y,N
2019-12-08,97577.415,Y,N
2019-12-09,127910.835,Y,N
2019-12-10,109548.62,Y,N
2019-12-11,109060.375,Y,N
2019-12-12,108599.065,Y,N
2019-12-13,107070.61,Y,N
2019-12-14,101239.235,Y,N
2019-12-15,98723.45,Y,N
2019-12-16,114400.065,Y,N
2019-12-17,123999.07,Y,N
2019-12-18,146990.89,Y,N
2019-12-19,125050.61,Y,N
2019-12-20,150553.4,N,N
2019-12-21,100632.475,N,N
2019-12-22,90145.615,N,N
2019-12-23,101818.025,N,N
2019-12-24,102168.93,N,N
2019-12-25,98312.745,N,Y
2019-12-26,96120.525,N,Y
2019-12-27,107256.065,N,N
2019-12-28,113521.685,N,N
2019-12-29,118293.525,N,N
2019-12-30,140410.125,N,N
2019-12-31,95410.39,N,N
2020-01-01,89077.855,N,Y
2020-01-02,102988.185,N,N
2020-01-03,118922.215,N,N
2020-01-04,102245.61,N,N
2020-01-05,95671.2,N,N
2020-01-06,110253.59,N,N
2020-01-07,109336.56,N,N
2020-01-08,110038.625,N,N
2020-01-09,127365.59,N,N
2020-01-10,122533.88,N,N
2020-01-11,91886.605,N,N
2020-01-12,91797.595,N,N
2020-01-13,119653.945,N,N
2020-01-14,137302.605,N,N
2020-01-15,137408.225,N,N
2020-01-16,109669.645,N,N
2020-01-17,108108.175,N,N
2020-01-18,105946.34,N,N
2020-01-19,106921.555,N,N
2020-01-20,116291.535,N,N
2020-01-21,112128.195,N,N
2020-01-22,119287.15,N,N
2020-01-23,112254.83,N,N
2020-01-24,109316.375,N,N
2020-01-25,102445.88,N,N
2020-01-26,101233.205,N,Y
2020-01-27,103134.46,N,Y
2020-01-28,116190.555,N,N
2020-01-29,129812.915,N,N
2020-01-30,154816.49,Y,N
2020-01-31,170653.84,Y,N
2020-02-01,131856.315,Y,N
2020-02-02,97609.06,Y,N
2020-02-03,105004.91,Y,N
2020-02-04,107034.065,Y,N
2020-02-05,108988.44,Y,N
2020-02-06,120569.46,Y,N
2020-02-07,120734.85,Y,N
2020-02-08,107864.445,Y,N
2020-02-09,103857.11,Y,N
2020-02-10,122975.46,Y,N
2020-02-11,127110.58,Y,N
2020-02-12,124618.565,Y,N
2020-02-13,139137.185,Y,N
2020-02-14,139855.63,Y,N
2020-02-15,108300.635,Y,N
2020-02-16,100904.27,Y,N
2020-02-17,123351.845,Y,N
2020-02-18,119178.12,Y,N
2020-02-19,109375.215,Y,N
2020-02-20,112202.145,Y,N
2020-02-21,108949.055,Y,N
2020-02-22,96922.02,Y,N
2020-02-23,106129.665,Y,N
2020-02-24,122619.055,Y,N
2020-02-25,123558.425,Y,N
2020-02-26,108371.125,Y,N
2020-02-27,108675.4,Y,N
2020-02-28,110006.97,Y,N
2020-02-29,100380.94,Y,N
2020-03-01,101413.145,Y,N
2020-03-02,106359.955,Y,N
2020-03-03,108746.37,Y,N
2020-03-04,117505.625,Y,N
2020-03-05,119734.635,Y,N
2020-03-06,111322.325,Y,N
2020-03-07,96850.78,Y,N
2020-03-08,92553.29,Y,N
2020-03-09,94641.7,Y,Y
2020-03-10,112142.54,Y,N
2020-03-11,118830.14,Y,N
2020-03-12,120272.775,Y,N
2020-03-13,115075.81,Y,N
2020-03-14,96016.19,Y,N
2020-03-15,97664.935,Y,N
2020-03-16,110586.815,Y,N
2020-03-17,115254.185,Y,N
2020-03-18,121127.145,Y,N
2020-03-19,127266.86,Y,N
2020-03-20,111547.605,Y,N
2020-03-21,103999.335,Y,N
2020-03-22,97449.685,Y,N
2020-03-23,112906.945,Y,N
2020-03-24,114935.545,N,N
2020-03-25,113147.815,N,N
2020-03-26,110088.01,N,N
2020-03-27,111958.245,N,N
2020-03-28,97923.715,N,N
2020-03-29,95953.205,N,N
2020-03-30,107687.51,N,N
2020-03-31,109043.865,N,N
2020-04-01,110991.625,N,N
2020-04-02,116302.665,N,N
2020-04-03,104294.57,N,N
2020-04-04,101854.155,N,N
2020-04-05,105098.025,N,N
2020-04-06,118074.565,N,N
2020-04-07,118404.455,N,N
2020-04-08,108404.01,N,N
2020-04-09,108587.52,N,N
2020-04-10,94831.23,N,Y
2020-04-11,92097.07,N,Y
2020-04-12,101760.09,N,Y
2020-04-13,100025.9,N,Y
2020-04-14,107849.83,N,N
2020-04-15,104547.34,N,N
2020-04-16,106527.945,N,N
2020-04-17,106943.49,N,N
2020-04-18,106888.545,N,N
2020-04-19,100737.835,N,N
2020-04-20,109168.595,N,N
2020-04-21,111417.63,N,N
2020-04-22,113506.01,N,N
2020-04-23,112872.88,N,N
2020-04-24,106565.295,N,N
2020-04-25,96845.12,N,Y
2020-04-26,96572.935,N,N
2020-04-27,113471.83,N,N
2020-04-28,112124.06,N,N
2020-04-29,121307.84,N,N
2020-04-30,121353.33,N,N
2020-05-01,127238.875,N,N
2020-05-02,111665.725,N,N
2020-05-03,109669.355,N,N
2020-05-04,126892.26,N,N
2020-05-05,118839.095,N,N
2020-05-06,113214.27,N,N
2020-05-07,109642.755,N,N
2020-05-08,107914.055,N,N
2020-05-09,107786.255,N,N
2020-05-10,107555.19,N,N
2020-05-11,122550.945,N,N
2020-05-12,120767.795,N,N
2020-05-13,127145.14,N,N
2020-05-14,129285.09,N,N
2020-05-15,129112.45,N,N
2020-05-16,110420.89,N,N
2020-05-17,109774.425,N,N
2020-05-18,120076.645,N,N
2020-05-19,119789.97,N,N
2020-05-20,119803.985,N,N
2020-05-21,127563.61,N,N
2020-05-22,130472.2,N,N
2020-05-23,115234.32,N,N
2020-05-24,109579.82,N,N
2020-05-25,125532.575,N,N
2020-05-26,126788.835,N,N
2020-05-27,124189.8,Y,N
2020-05-28,124062.485,Y,N
2020-05-29,120072.09,Y,N
2020-05-30,102231.77,Y,N
2020-05-31,102684.59,Y,N
2020-06-01,132039.705,Y,N
2020-06-02,132710.36,Y,N
2020-06-03,130801.825,Y,N
2020-06-04,133322.025,Y,N
2020-06-05,137368.465,Y,N
2020-06-06,126427.92,Y,N
2020-06-07,119524.41,Y,N
2020-06-08,124792.975,Y,Y
2020-06-09,141571.295,Y,N
2020-06-10,137795.795,Y,N
2020-06-11,141444.445,Y,N
2020-06-12,134684.585,Y,N
2020-06-13,117394.455,Y,N
2020-06-14,107553.005,Y,N
2020-06-15,121221.455,Y,N
2020-06-16,124473.67,Y,N
2020-06-17,133969.69,Y,N
2020-06-18,130437.325,Y,N
2020-06-19,120149.435,Y,N
2020-06-20,109644.695,Y,N
2020-06-21,121528.375,Y,N
2020-06-22,136373.435,Y,N
2020-06-23,131904.745,Y,N
2020-06-24,133100.905,Y,N
2020-06-25,131466.24,Y,N
2020-06-26,136872.56,N,N
2020-06-27,126938.54,N,N
2020-06-28,125830.75,N,N
2020-06-29,141431.99,N,N
2020-06-30,137644.865,N,N
2020-07-01,126614.72,N,N
2020-07-02,131372.71,N,N
2020-07-03,143010.27,N,N
2020-07-04,125400.27,N,N
2020-07-05,118507.76,N,N
2020-07-06,136255.335,N,N
2020-07-07,140264.52,N,N
2020-07-08,138627.11,N,N
2020-07-09,135266.165,N,N
2020-07-10,134041.23,N,N
2020-07-11,130088.95,N,N
2020-07-12,118837.05,N,N
2020-07-13,130119.41,N,N
2020-07-14,133668.935,Y,N
2020-07-15,135296.8,Y,N
2020-07-16,143158.89,Y,N
2020-07-17,143109.355,Y,N
2020-07-18,125303.885,Y,N
2020-07-19,114065.32,Y,N
2020-07-20,132894.41,Y,N
2020-07-21,140086.105,Y,N
2020-07-22,138666.105,Y,N
2020-07-23,142476.365,Y,N
2020-07-24,133822.7,Y,N
2020-07-25,128417.22,Y,N
2020-07-26,123014.555,Y,N
2020-07-27,132571.33,Y,N
2020-07-28,132720.395,Y,N
2020-07-29,130547.735,Y,N
2020-07-30,132583.64,Y,N
2020-07-31,132105.75,Y,N
2020-08-01,111590.65,Y,N
2020-08-02,109935.335,Y,N
2020-08-03,127930.355,Y,N
2020-08-04,140042.145,N,N
2020-08-05,140205.295,N,N
2020-08-06,140835.175,N,N
2020-08-07,144062.61,N,N
2020-08-08,121119.265,N,N
2020-08-09,111165.955,N,N
2020-08-10,125959.75,N,N
2020-08-11,130141.225,N,N
2020-08-12,127945.31,N,N
2020-08-13,121914.44,N,N
2020-08-14,124640.09,N,N
2020-08-15,113755.18,N,N
2020-08-16,111034.745,N,N
2020-08-17,121520.57,N,N
2020-08-18,119321.855,N,N
2020-08-19,129884.75,N,N
2020-08-20,123490.855,N,N
2020-08-21,125707.04,N,N
2020-08-22,127131.37,N,N
2020-08-23,117125.065,N,N
2020-08-24,134984.79,N,N
2020-08-25,138437.855,N,N
2020-08-26,129322.31,N,N
2020-08-27,119044.425,N,N
2020-08-28,118809.08,N,N
2020-08-29,100166.885,N,N
2020-08-30,98917.175,N,N
2020-08-31,121605.395,N,N
2020-09-01,119645.18,N,N
2020-09-02,113547.67,N,N
2020-09-03,109327.46,N,N
2020-09-04,114865.645,N,N
2020-09-05,105534.01,N,N
2020-09-06,95865.14,N,N
2020-09-07,99778.2,N,N
2020-09-08,112421.09,N,N
2020-09-09,112140.47,N,N
2020-09-10,109328.335,N,N
2020-09-11,106643.05,N,N
2020-09-12,111644.6,N,N
2020-09-13,96225.91,N,N
2020-09-14,107196.61,N,N
2020-09-15,113008.77,N,N
2020-09-16,110807.72,N,N
2020-09-17,115643.44,N,N
2020-09-18,112335.7,N,N
2020-09-19,93384,N,N
2020-09-20,86891.23,N,N
2020-09-21,100977.95,N,N
2020-09-22,103200.64,N,N
2020-09-23,112412.445,N,N
2020-09-24,117535.715,N,N
2020-09-25,126354.68,N,N
2020-09-26,106694.965,N,N
2020-09-27,101703.49,N,N
2020-09-28,114651.14,N,N
2020-09-29,112076.46,N,N
2020-09-30,113620.21,N,N
2020-10-01,106641.79,N,N
2020-10-02,99585.835,N,N
2020-10-03,92277.025,N,N
2020-10-04,94081.565,N,N
2020-10-05,113610.03,N,N
2020-10-06,122607.56,N,N
