,RRP,holiday
1,25.63369643,0
2,33.13898756,1
3,34.56485483,1
4,25.00556024,1
5,26.72417628,1
6,31.28231073,1
7,48.31230938,1
8,49.1172803,1
9,34.49067545,1
10,20.2298249,1
11,18.23476806,1
12,33.69481017,1
13,27.53786427,1
14,29.01851661,1
15,30.93653879,1
16,23.01519088,1
17,18.99492729,1
18,17.00868088,1
19,26.92787619,1
20,23.07807414,1
21,34.44341546,1
22,35.2307614,1
23,40.60420022,1
24,20.92200015,1
25,16.5414177,1
26,16.9360128,0
27,21.2062886,1
28,17.02383824,1
29,19.62482736,1
30,21.02935608,1
31,16.53884673,1
32,14.57884442,1
33,22.27003219,1
34,27.00383233,1
35,27.8091342,1
36,31.38457074,1
37,38.84018027,1
38,28.76170678,1
39,23.9741066,1
40,28.90913471,1
41,37.52259998,1
42,32.6554543,1
43,26.57663494,1
44,18.73697061,1
45,20.24010323,1
46,24.58418694,1
47,31.9490406,1
48,30.25014939,1
49,30.23579275,1
50,33.59896068,1
51,33.53867153,1
52,31.25281984,1
53,32.40972721,1
54,28.41722913,1
55,26.5590119,1
56,33.32324959,1
57,39.08657834,1
58,36.33901155,1
59,25.14313073,1
60,24.58614815,1
61,33.16652623,1
62,43.73945714,1
63,37.25248391,1
64,25.3228281,1
65,27.75052169,1
66,22.11321454,1
67,20.57443413,1
68,23.80806827,0
69,31.76374918,1
70,33.59649288,1
71,26.04050589,1
72,24.19536323,1
73,17.39452956,1
74,14.3730994,1
75,22.66079993,1
76,21.38556947,1
77,24.43863773,1
78,24.56824098,1
79,24.06816285,1
80,20.47371461,1
81,18.91869559,1
82,26.68562798,1
83,34.05849946,1
84,28.54875424,1
85,21.9713629,1
86,25.77160038,1
87,29.27136869,1
88,24.67271635,1
89,33.7503627,1
90,31.83656958,1
91,26.16780586,1
92,23.46025058,1
93,20.9393785,0
94,23.18805617,0
95,20.50865038,1
96,17.04855264,0
97,21.35945999,1
98,25.20801652,1
99,25.20780037,1
100,25.6771108,1
101,23.05591231,1
102,22.05303719,1
103,29.40828908,1
104,30.99517563,1
105,31.09055848,1
106,40.68150885,1
107,33.98750482,1
108,26.14012894,1
109,24.54069444,1
110,33.67717583,1
111,30.4731569,1
112,36.69528357,1
113,35.42248474,1
114,36.4979363,1
115,25.97830858,0
116,28.95541976,1
117,48.67306836,1
118,46.2680344,1
119,39.82982089,1
120,39.09265231,1
121,47.4744621,1
122,25.8520399,1
123,30.62706307,1
124,28.80303794,1
125,27.38334397,1
126,26.02258938,1
127,29.08203003,1
128,29.07560905,1
129,19.60236047,1
130,13.27984076,1
131,28.47548938,1
132,28.35535897,1
133,33.6029018,1
134,36.08497609,1
135,32.88820189,1
136,35.11935553,1
137,30.54759947,1
138,39.33371288,1
139,34.03831774,1
140,30.97608603,1
141,35.62199843,1
142,34.61410533,1
143,31.22698432,1
144,31.49325856,1
145,51.61033015,1
146,46.40181363,1
147,29.88407137,1
148,26.09688903,1
149,29.80358005,1
150,19.04882579,1
151,18.57271408,1
152,36.92812664,1
153,59.85603338,1
154,50.5626836,1
155,33.05028479,1
156,37.96653889,1
157,30.18134685,1
158,23.38038485,1
159,24.3576365,0
160,36.71427512,1
161,39.76613747,1
162,37.48182938,1
163,37.53937282,1
164,29.86858815,1
165,31.59818231,1
166,36.01098153,1
167,36.94281938,1
168,39.27859913,1
169,37.45776352,1
170,38.55071374,1
171,41.09768311,1
172,33.90238984,1
173,30.47783118,1
174,30.2380616,1
175,32.21777895,1
176,33.05483817,1
177,31.92862512,1
178,28.29254035,1
179,31.00149176,1
180,35.77539876,1
181,37.6252582,1
182,29.52094616,1
183,35.6183138,1
184,42.62957624,1
185,29.12782527,1
186,24.00328983,1
187,36.04178884,1
188,37.29751745,1
189,40.58380685,1
190,38.51727354,1
191,32.28845537,1
192,30.62181991,1
193,33.15211905,1
194,47.52630153,1
195,45.25558281,1
196,50.4974182,1
197,40.47170764,1
198,49.21850696,1
199,44.09776708,1
200,43.57342248,1
201,41.79671269,1
202,28.89548968,1
203,33.70727752,1
204,33.97518484,1
205,27.6698245,1
206,22.2391885,1
207,22.38424622,1
208,35.17621745,1
209,40.75298793,1
210,37.23752124,1
211,29.12283736,1
212,35.05977109,1
213,29.88013959,1
214,23.37418658,1
215,38.12797815,1
216,44.67333638,1
217,42.5957224,1
218,48.94517285,1
219,42.78284919,1
220,39.11605998,1
221,29.44132945,1
222,30.09105237,1
223,31.94331353,1
224,37.33841387,1
225,36.73054058,1
226,35.43773739,1
227,34.08615436,1
228,25.31764941,1
229,31.79373023,1
230,45.28668706,1
231,39.23515304,1
232,30.54500061,1
233,38.88847204,1
234,32.23832167,1
235,29.44134872,1
236,26.61266289,1
237,28.80467771,1
238,37.13177468,1
239,41.60533545,1
240,38.17912007,1
241,35.47451361,1
242,42.41417956,1
243,50.27328749,1
244,50.14578439,1
245,49.03831254,1
246,45.54626467,1
247,65.73690671,1
248,57.1775692,1
249,40.58176552,1
250,38.52697878,1
251,41.71038161,1
252,48.12810484,1
253,48.91956662,1
254,36.08846518,1
255,37.65455156,1
256,30.35960587,1
257,32.34565421,1
258,34.50652241,1
259,38.96606247,1
260,40.63926437,1
261,40.63008102,1
262,47.82671203,1
263,32.85772784,1
264,44.95597741,1
265,99.47616671,1
266,49.76861067,1
267,54.98052681,1
268,51.08100179,1
269,48.78936994,1
270,43.93161371,1
271,42.02601538,1
272,37.64010125,1
273,41.98096898,1
274,34.80976299,1
275,38.30698393,0
276,30.78069241,1
277,36.56069849,1
278,38.97200519,1
279,36.24445144,1
280,31.59640663,1
281,36.14098237,1
282,41.41507492,1
283,34.80317686,1
284,29.90281083,1
285,36.35362381,1
286,41.49816809,1
287,45.5634402,1
288,39.06694868,1
289,43.80436083,1
290,29.67361006,1
291,29.12086757,1
292,43.51067632,1
293,43.3328692,1
294,39.68189403,1
295,44.03304646,1
296,48.1698968,1
297,32.19205197,1
298,17.4659695,1
299,29.39851628,1
300,31.32939962,1
301,39.51380992,1
302,62.32012828,1
303,35.87555035,1
304,18.37479011,1
305,14.68483973,1
306,25.01784896,1
307,14.15794771,0
308,29.23763309,1
309,34.57679076,1
310,30.64286687,1
311,18.27265483,1
312,21.09536038,1
313,35.05480023,1
314,32.06707648,1
315,35.22410385,1
316,38.48525874,1
317,32.82309665,1
318,33.56093861,1
319,28.29807106,1
320,39.12737374,1
321,36.02454725,1
322,60.68023827,1
323,78.29096807,1
324,38.02649768,1
325,27.41362241,1
326,32.34590077,1
327,41.36877245,1
328,48.52152976,1
329,60.69203392,1
330,30.49417411,1
331,40.36654546,1
332,43.32666084,1
333,39.12126473,1
334,45.57726057,1
335,37.92095899,1
336,37.4708208,1
337,43.34422421,1
338,66.53389405,1
339,36.90686862,1
340,36.78833221,1
341,53.36909872,1
342,57.53424668,1
343,49.73700573,1
344,50.80601367,1
345,32.02012919,1
346,34.14289792,1
347,40.30682955,1
348,51.74782952,1
349,51.66083017,1
350,78.64591999,1
351,188.0861252,1
352,81.19248625,1
353,69.32882082,1
354,54.64980429,1
355,49.62125192,1
356,37.53130427,1
357,39.13822083,1
358,50.81827517,1
359,22.11558624,0
360,14.96710809,0
361,19.82318359,1
362,20.09753992,0
363,27.33170157,1
364,43.82687479,1
365,101.9915588,1
366,32.52767336,0
367,21.89456076,1
368,19.8953848,1
369,25.44347924,1
370,29.91718737,1
371,31.79025205,1
372,34.44506917,1
373,36.88815616,1
374,41.98782325,1
375,44.47978703,1
376,88.11610079,1
377,62.53997502,1
378,545.7378196,1
379,36.37140419,1
380,30.20390307,1
381,23.67497011,1
382,29.15326195,1
383,43.40935802,1
384,49.25793525,1
385,53.30039877,1
386,55.47008954,1
387,42.33773277,1
388,26.97502333,1
389,26.41220907,1
390,27.59659014,1
391,25.27669394,0
392,32.75984945,1
393,33.32496816,1
394,32.69384721,1
395,23.84687233,1
396,23.47662571,1
397,31.58876665,1
398,35.64081616,1
399,27.87604398,1
400,22.3923782,1
401,26.8545022,1
402,28.72453436,1
403,33.49284634,1
404,33.9086031,1
405,38.70567585,1
406,41.37607962,1
407,34.38993372,1
408,40.62665069,1
409,32.23139796,1
410,26.26726968,1
411,32.56207053,1
412,29.58535343,1
413,32.50451406,1
414,47.40430914,1
415,43.69489681,1
416,26.30452433,1
417,24.60568176,1
418,55.28023145,1
419,66.96065647,1
420,72.24069994,1
421,43.38678606,1
422,35.55254287,1
423,32.10570563,1
424,30.39844268,1
425,41.25807901,1
426,96.28761922,1
427,53.91107114,1
428,49.55216251,1
429,43.22741726,1
430,37.4253858,1
431,41.3206478,1
432,41.14950256,1
433,253.0320323,1
434,66.41160339,1
435,46.52161235,1
436,49.79353314,1
437,37.32101386,1
438,30.0869621,1
439,24.79442999,0
440,28.46012769,1
441,54.35305581,1
442,49.4911015,1
443,33.97202362,1
444,48.71748998,1
445,47.17506412,1
446,49.67654935,1
447,56.87274821,1
448,44.26219138,1
449,42.35494432,1
450,30.22185548,0
451,30.53949743,0
452,25.86103521,0
453,27.58617697,0
454,31.07095135,1
455,29.06251382,1
456,21.90202897,1
457,14.49079665,1
458,13.56898646,1
459,15.80399954,1
460,38.46855031,1
461,21.42320815,1
462,45.52080455,1
463,52.13196852,1
464,75.35781074,1
465,73.13914453,1
466,35.12054575,1
467,62.30651081,1
468,62.9645525,1
469,77.21022318,1
470,92.92520704,1
471,81.71784794,1
472,51.52896856,1
473,39.12944308,1
474,61.62911492,1
475,54.57119179,1
476,40.0536623,1
477,55.74046858,1
478,52.29655518,1
479,36.7345262,1
480,30.68045485,1
481,39.08786122,0
482,56.43641514,1
483,19.4111381,1
484,60.58197893,1
485,51.74834177,1
486,27.10790618,1
487,31.87421762,1
488,37.34851758,1
489,22.24291908,1
490,47.7538426,1
491,27.23225297,1
492,64.31705658,1
493,46.62702428,1
494,59.14011232,1
495,100.8140427,1
496,36.9801066,1
497,59.84988166,1
498,53.79609684,1
499,52.36555156,1
500,28.27876737,1
501,37.07654106,1
502,41.91676316,1
503,68.33332655,1
504,70.58882764,1
505,44.40335829,1
506,79.7959074,1
507,45.74527142,1
508,24.19265246,1
509,10.80151908,1
510,45.21384715,1
511,66.25853483,1
512,99.42483313,1
513,68.19342854,1
514,81.99013458,1
515,68.71547404,1
516,115.7846736,1
517,156.4647226,1
518,168.8527592,1
519,180.9103503,1
520,175.8546299,1
521,126.7499719,1
522,122.7887776,1
523,107.4456121,1
524,88.32696291,1
525,91.3156602,1
526,50.23897194,1
527,47.42579878,1
528,55.59096958,1
529,77.21528799,1
530,95.06477463,0
531,90.84510926,1
532,92.41624585,1
533,89.92914895,1
534,99.57367451,1
535,62.93401613,1
536,79.38482177,1
537,114.875078,1
538,62.15476411,1
539,58.75903858,1
540,78.31898019,1
541,67.9384962,1
542,99.7632508,1
543,120.4411006,1
544,127.3466076,1
545,110.2803903,1
546,80.12524308,1
547,115.1178955,1
548,117.7120479,1
549,90.45652378,1
550,68.59708917,1
551,124.1368856,1
552,147.1876919,1
553,116.6821116,1
554,176.9120362,1
555,114.844203,1
556,105.5485761,1
557,36.16721233,1
558,44.85808004,1
559,49.15948572,1
560,65.91496492,1
561,76.11745262,1
562,79.50760048,1
563,73.69441877,1
564,48.7884053,1
565,43.8915187,1
566,49.45378979,1
567,52.33155194,1
568,44.92653284,1
569,21.09171887,1
570,62.70928693,1
571,52.22700853,1
572,37.98018661,1
573,47.97124596,1
574,36.39746278,1
575,41.56189875,1
576,33.86968192,1
577,24.84952843,1
578,33.77825209,1
579,45.97912937,1
580,48.59799058,1
581,58.02954936,1
582,51.56528219,1
583,70.2031165,1
584,54.3980783,1
585,32.88478992,1
586,35.11782073,1
587,29.29351974,1
588,22.41944079,1
589,39.80646362,1
590,41.09220007,1
591,38.81095608,1
592,33.06116,1
593,39.83893843,1
594,24.45390447,1
595,40.89160699,1
596,27.47109329,1
597,27.60134081,1
598,25.00246694,1
599,38.91325563,1
600,59.99534067,1
601,73.18959371,1
602,114.0039598,1
603,74.66305514,1
604,67.6277533,1
605,31.80817961,1
606,29.44768103,1
607,39.1423789,1
608,53.186931,1
609,32.5590174,1
610,46.80878786,1
611,52.63679288,1
612,35.27078286,1
613,24.51210764,1
614,38.21246963,1
615,28.69264595,1
616,24.18242139,1
617,12.50431916,1
618,23.40099927,1
619,38.55990885,1
620,50.34788201,1
621,68.17720324,1
622,62.06847556,1
623,54.8405242,1
624,42.81991758,1
625,47.04374731,1
626,36.02869126,1
627,48.34486635,1
628,56.44254935,1
629,43.17737957,1
630,52.28283459,1
631,55.70187271,1
632,46.53870327,1
633,43.55659982,1
634,37.69847947,1
635,47.67147027,1
636,49.79450443,1
637,32.43171472,1
638,37.59600105,1
639,33.06369262,0
640,20.48609587,1
641,13.65687019,1
642,21.60174363,1
643,23.00178132,1
644,41.11513272,1
645,30.1895728,1
646,37.3391043,1
647,35.21034382,1
648,15.90301462,1
649,27.65471777,1
650,38.19994573,1
651,44.77064554,1
652,58.35308518,1
653,43.9665066,1
654,12.69832874,1
655,22.02909542,1
656,29.59668164,1
657,36.72121271,1
658,60.68302782,1
659,27.42582623,1
660,43.24473226,1
661,38.71113076,1
662,40.91855691,1
663,66.51336615,1
664,37.02214641,1
665,55.41635284,1
666,43.4805405,1
667,54.50974512,1
668,21.28564824,1
669,6.869134505,1
670,19.08090112,1
671,17.41820196,0
672,46.64566901,1
673,60.22104759,1
674,25.9523502,1
675,15.26468717,1
676,24.15876196,1
677,30.36705791,1
678,53.92200303,1
679,55.66220339,1
680,48.70697146,1
681,26.82398291,1
682,10.83211626,1
683,10.72564183,1
684,39.49973783,1
685,26.90838749,1
686,35.63068442,1
687,28.55507656,1
688,31.77579932,1
689,24.65599304,1
690,43.08594969,1
691,51.0352654,1
692,37.02129178,1
693,41.91226779,1
694,38.05940327,1
695,27.61649096,1
696,23.79058297,1
697,37.00394515,1
698,65.39277902,1
699,63.42996415,1
700,76.02598021,1
701,56.01230684,1
702,41.49943678,1
703,29.20305213,1
704,43.73274195,1
705,25.29438487,1
706,48.41248781,1
707,44.72205906,1
708,25.85386173,1
709,25.11819531,1
710,19.31166859,1
711,16.39668788,1
712,45.15757294,1
713,44.69302354,1
714,19.91910633,1
715,31.14530846,1
716,48.8568848,1
717,23.57623123,1
718,26.49359939,1
719,28.68483237,1
720,16.12985685,1
721,21.34587505,1
722,20.97623583,1
723,24.32934519,1
724,34.69311119,1
725,28.64742992,1
726,22.91035559,0
727,23.8135374,0
728,40.28250982,1
729,47.14500558,1
730,24.06507765,1
731,17.59822922,1
732,25.8467611,0
733,30.61870288,0
734,28.68695469,1
735,56.97278071,1
736,73.45825987,1
737,97.69920084,1
738,77.60299799,1
739,69.22481073,1
740,68.09952522,1
741,72.81305685,1
742,65.74451094,1
743,70.49040546,1
744,70.01219456,1
745,42.29483485,1
746,55.44429634,1
747,108.1670628,1
748,129.2376575,1
749,75.16561944,1
750,62.88513035,1
751,38.99311604,1
752,46.47911443,1
753,60.78453185,1
754,79.11439769,1
755,59.81718215,1
756,58.87513245,1
757,37.84489775,0
758,69.65718196,1
759,74.06254286,1
760,76.58688725,1
761,96.16858429,1
762,58.79126706,1
763,66.86330309,1
764,82.46801369,1
765,87.11101457,1
766,80.81731255,1
767,113.8703652,1
768,92.10179585,1
769,69.06961085,1
770,135.0612793,1
771,156.6995615,1
772,213.3394317,1
773,97.6080054,1
774,19.86511394,1
775,69.04132793,1
776,90.69389262,1
777,79.04437965,1
778,112.8870329,1
779,93.73260963,1
780,49.81815886,1
781,53.12020553,1
782,93.72670141,1
783,103.2484286,1
784,78.05783525,1
785,102.3617733,1
786,98.21079741,1
787,45.60929044,1
788,56.02642017,1
789,96.55007159,1
790,99.94563946,1
791,86.00399901,1
792,85.49844546,1
793,73.92929944,1
794,77.59564369,1
795,45.4607457,1
796,56.63414738,1
797,57.516139,1
798,73.92313207,1
799,83.88968655,1
800,82.03453762,1
801,50.76232609,1
802,42.48056056,1
803,66.84372206,0
804,101.4423563,1
805,102.0122176,1
806,87.89402085,1
807,70.74607288,1
808,68.87709703,1
809,121.1220102,1
810,184.8234791,1
811,112.9036926,1
812,77.00028631,1
813,97.82305958,1
814,118.4496111,1
815,138.7947558,1
816,147.4805929,1
817,118.5621993,1
818,121.9056323,1
819,133.7982653,1
820,115.1902122,1
821,145.2190605,1
822,99.24918178,1
823,92.91573517,1
824,106.4521598,1
825,122.6614787,1
826,142.2804267,1
827,126.1819875,1
828,101.330421,1
829,95.86797769,1
830,74.59163318,1
831,111.8004887,1
832,130.0368734,1
833,126.572879,1
834,117.5356502,1
835,109.7650221,0
836,116.7828491,0
837,95.64640701,0
838,104.5781895,0
839,112.8247059,1
840,101.3145524,1
841,104.0781031,1
842,133.2265993,1
843,111.6671228,1
844,90.72665105,1
845,113.2589368,1
846,86.79007255,0
847,100.6986846,1
848,145.6827349,1
849,120.8095221,1
850,100.81967,1
851,109.5772954,1
852,99.15947403,1
853,109.9227693,1
854,128.6399556,1
855,123.4720662,1
856,108.2886014,1
857,81.77832735,1
858,104.9084029,1
859,132.9735336,1
860,138.9914155,1
861,149.6227486,1
862,170.2926448,1
863,129.309377,1
864,130.3168298,1
865,126.9174946,1
866,134.6420324,1
867,128.3149076,1
868,123.8345994,1
869,107.8423351,1
870,96.44024977,1
871,88.1358791,1
872,76.78217982,1
873,72.93148803,1
874,96.83763464,1
875,103.2410383,1
876,108.5190134,1
877,94.69622997,1
878,60.86010195,1
879,72.34164142,1
880,96.084781,1
881,95.71447434,1
882,120.6492316,1
883,113.3116143,1
884,96.83774741,1
885,107.2457298,1
886,109.7429759,1
887,101.1322774,1
888,97.89246038,1
889,105.6961681,1
890,110.1268719,1
891,99.97713568,1
892,97.62212413,1
893,87.88338857,1
894,101.7060988,0
895,109.9512443,1
896,93.58978215,1
897,102.837272,1
898,107.362224,1
899,104.2875868,1
900,93.61692763,1
901,95.96949334,1
902,85.79783203,1
903,106.9667247,1
904,94.85896751,1
905,80.26993871,1
906,84.97094445,1
907,72.87051538,1
908,104.3154945,1
909,100.1993406,1
910,98.53810322,1
911,102.5250395,1
912,124.6840444,1
913,114.7570772,1
914,110.1092823,1
915,150.612766,1
916,132.5455181,1
917,146.1761256,1
918,141.6793728,1
919,131.2653815,1
920,129.135411,1
921,115.1296024,1
922,123.9739271,1
923,148.6794952,1
924,117.9532423,1
925,106.1487634,1
926,111.3949826,1
927,136.1065517,1
928,102.1491373,1
929,99.85163753,1
930,109.9969729,1
931,109.5605504,1
932,133.736501,1
933,130.1927109,1
934,91.65608062,1
935,107.8923323,1
936,122.6544774,1
937,113.0336114,1
938,117.2808433,1
939,117.3154738,1
940,111.3069682,1
941,93.45310086,1
942,91.41616627,1
943,137.4766901,1
944,137.9754246,1
945,113.4923335,1
946,169.2338271,1
947,110.3517269,1
948,82.76667325,1
949,86.20220241,1
950,111.4890145,1
951,111.5513751,1
952,105.283102,1
953,86.91654833,1
954,78.92563543,1
955,77.12359093,1
956,68.29417174,1
957,101.399598,1
958,99.0861742,1
959,72.16481732,1
960,73.71456005,1
961,92.10754493,1
962,97.96893516,1
963,92.81587829,1
964,108.906684,1
965,107.9380963,1
966,106.6475104,1
967,118.9186938,1
968,120.1723289,1
969,93.65754189,1
970,93.11747779,1
971,163.4092605,1
972,143.84804,1
973,118.2950765,1
974,115.4257008,1
975,102.2781632,1
976,89.32991678,1
977,67.07312753,1
978,93.82662098,1
979,95.60201814,1
980,101.0173763,1
981,93.02525491,1
982,102.4160808,1
983,96.91024413,1
984,91.88390937,1
985,86.68557783,1
986,94.77296866,1
987,88.36193594,1
988,89.57361118,1
989,89.23620112,1
990,89.60758713,1
991,75.50959889,1
992,79.7834479,1
993,92.37276862,1
994,82.59561088,1
995,74.95776902,1
996,75.28911916,1
997,63.0173962,1
998,43.1973476,1
999,71.24106571,1
1000,79.80022526,1
1001,72.5455091,1
1002,61.64955658,1
1003,42.63467565,0
1004,47.30994353,1
1005,58.98962758,1
1006,74.49715829,1
1007,79.05914605,1
1008,71.10873323,1
1009,65.31573626,1
1010,53.42903945,1
1011,38.89411226,1
1012,56.16035213,1
1013,68.87949682,1
1014,77.45230854,1
1015,55.55322179,1
1016,56.95927733,1
1017,83.75674609,1
1018,85.40388327,1
1019,71.60289058,1
1020,84.01322671,1
1021,76.51584579,1
1022,92.33412136,1
1023,80.3767171,1
1024,72.71584684,1
1025,73.10833941,1
1026,76.32822257,1
1027,90.67566504,1
1028,91.93047541,1
1029,98.04241531,1
1030,89.91123068,1
1031,78.66088236,1
1032,81.09446701,1
1033,61.46252749,1
1034,77.42179007,1
1035,86.95725767,1
1036,87.02754256,1
1037,87.51016268,1
1038,76.92584895,1
1039,78.73458189,1
1040,77.63660268,1
1041,80.93422103,1
1042,78.3177663,0
1043,90.99575509,1
1044,85.58259467,1
1045,92.61553695,1
1046,83.49493924,1
1047,73.95006482,1
1048,102.5536814,1
1049,94.73168487,1
1050,90.97415977,1
1051,88.81610737,1
1052,99.44627676,1
1053,89.77027766,1
1054,81.88131427,1
1055,131.3009413,1
1056,152.7547663,1
1057,116.8798367,1
1058,105.2716657,1
1059,116.5617909,1
1060,99.01042074,1
1061,83.11451412,1
1062,84.60892315,1
1063,130.5019687,1
1064,166.5526468,1
1065,131.4914339,1
1066,87.15229595,1
1067,66.25585865,1
1068,67.75806637,1
1069,84.04175782,1
1070,82.84205791,1
1071,89.56405055,1
1072,102.5919318,1
1073,87.46772198,1
1074,82.98083753,1
1075,81.0891636,1
1076,97.60539576,1
1077,104.9958379,1
1078,94.49815198,1
1079,101.8652498,1
1080,105.4358596,1
1081,99.47541633,1
1082,82.04932328,1
1083,117.2653843,1
1084,106.4977263,1
1085,78.73760078,1
1086,85.77543165,1
1087,81.598863,1
1088,79.89884834,1
1089,58.93911386,1
1090,44.90030063,0
1091,72.84524212,0
1092,113.6548037,1
1093,109.4926892,1
1094,93.83408893,1
1095,59.47516902,1
1096,61.49347092,1
1097,71.8177473,0
1098,69.38772963,1
1099,67.23811677,1
1100,78.7381874,1
1101,90.82817034,1
1102,75.59138621,1
1103,80.97604617,1
1104,87.93157864,1
1105,76.71739452,1
1106,80.21227444,1
1107,87.80265805,1
1108,94.00071925,1
1109,73.27654592,1
1110,66.65958191,1
1111,86.37851455,1
1112,92.83687768,1
1113,100.2774263,1
1114,1210.13792,1
1115,647.5741634,1
1116,94.10481486,1
1117,121.7119723,1
1118,115.1294838,1
1119,102.3741093,1
1120,103.427874,1
1121,155.5028059,1
1122,91.43489281,0
1123,104.878878,1
1124,290.419644,1
1125,107.6574249,1
1126,78.57443881,1
1127,65.21755805,1
1128,72.41222981,1
1129,80.45435373,1
1130,86.51700791,1
1131,98.92184656,1
1132,103.8301928,1
1133,104.2296312,1
1134,624.2609343,1
1135,106.6526349,1
1136,113.7060807,1
1137,83.52152692,1
1138,66.27235744,1
1139,93.17393574,1
1140,99.60943335,1
1141,72.04642836,1
1142,83.18774095,1
1143,86.83534632,1
1144,82.75830709,1
1145,77.33761623,1
1146,74.67782818,1
1147,78.80051783,1
1148,84.55573944,1
1149,88.84783879,1
1150,85.71319638,1
1151,75.07065351,1
1152,55.99939481,1
1153,76.80551434,1
1154,73.63540059,1
1155,69.09284173,1
1156,78.60161635,1
1157,91.86653114,1
1158,80.62405226,1
1159,72.59906688,1
1160,70.61555772,1
1161,61.35468536,1
1162,73.26754588,1
1163,94.57427046,1
1164,99.17049915,1
1165,91.9884432,1
1166,74.15265258,1
1167,63.45220472,0
1168,77.09496678,1
1169,97.28174892,1
1170,101.6909409,1
1171,92.59423224,1
1172,75.22999429,1
1173,62.87276065,1
1174,77.17016536,1
1175,72.75516331,1
1176,71.19834535,1
1177,77.2804276,1
1178,78.64044241,1
1179,71.96661907,1
1180,40.2567047,1
1181,70.83068032,1
1182,64.5691959,1
1183,72.11195577,1
1184,79.36508194,1
1185,69.45286966,0
1186,81.4067717,0
1187,73.9678419,0
1188,62.41010124,0
1189,80.11073706,1
1190,90.0737408,1
1191,86.89192959,1
1192,85.68790461,1
1193,84.8974312,1
1194,58.23872152,1
1195,91.69364451,1
1196,76.33364802,1
1197,75.04094506,1
1198,77.71452371,1
1199,69.76320109,1
1200,37.74139841,1
1201,31.68232539,1
1202,69.36093257,1
1203,86.53439286,1
1204,82.879098,1
1205,93.53314282,1
1206,95.73201718,1
1207,74.43968926,1
1208,76.31824515,1
1209,72.74094732,1
1210,88.09094154,1
1211,77.46186644,0
1212,82.43349185,1
1213,78.21485418,1
1214,70.00039141,1
1215,64.15897472,1
1216,77.96915056,1
1217,73.97482022,1
1218,67.27490234,1
1219,52.76831167,1
1220,54.639356,1
1221,58.57488525,1
1222,61.89517764,1
1223,49.41762224,1
1224,101.2917412,1
1225,127.5907803,1
1226,62.88102341,1
1227,63.67306972,1
1228,62.66221491,1
1229,65.51000398,1
1230,111.6666324,1
1231,97.88032901,1
1232,124.0856314,1
1233,108.9515501,1
1234,96.16165639,1
1235,93.62343477,1
1236,78.28073546,1
1237,82.72297125,1
1238,91.62118213,1
1239,118.6907459,1
1240,99.48806096,1
1241,92.9895292,1
1242,74.74674107,1
1243,54.18703142,1
1244,70.1715574,1
1245,81.97839952,1
1246,82.53594402,1
1247,90.35783775,1
1248,101.4128802,1
1249,99.85347925,1
1250,91.04372963,1
1251,120.2520374,1
1252,105.8039052,1
1253,106.2306746,1
1254,87.71079113,1
1255,130.0827333,1
1256,110.6732404,1
1257,75.51946753,1
1258,56.39994652,0
1259,78.29441631,1
1260,84.57953272,1
1261,72.49179642,1
1262,74.90558581,1
1263,81.80076688,1
1264,62.27267155,1
1265,112.5014975,1
1266,110.0561904,1
1267,91.28934192,1
1268,141.5569781,1
1269,131.5621328,1
1270,98.83636551,1
1271,95.15597072,1
1272,120.2781698,1
1273,102.3492036,1
1274,102.4178146,1
1275,112.8005434,1
1276,78.80664274,1
1277,72.96367256,1
1278,83.37499237,1
1279,87.32429509,1
1280,64.59208889,1
1281,57.00809903,1
1282,52.74356752,1
1283,52.97184575,1
1284,45.21171494,1
1285,47.89162306,1
1286,80.82555675,1
1287,94.62388585,1
1288,81.95251914,1
1289,111.8205168,1
1290,104.6546578,1
1291,85.80095082,1
1292,67.79090994,1
1293,87.63465708,1
1294,71.11637388,1
1295,72.33715337,1
1296,83.93095962,1
1297,88.90871173,1
1298,91.69945598,1
1299,73.13566324,1
1300,80.3554361,1
1301,71.11529432,1
1302,76.47250325,1
1303,86.40659409,1
1304,71.86981662,1
1305,57.98204775,1
1306,29.41428267,1
1307,60.04030816,1
1308,60.90555224,1
1309,78.76164185,1
1310,68.07737227,1
1311,79.40708144,1
1312,44.88904487,1
1313,37.44398417,1
1314,83.71209075,1
1315,75.54124144,1
1316,89.6868364,1
1317,82.76084698,1
1318,58.05035802,1
1319,64.60234253,1
1320,48.78894063,1
1321,79.75906696,1
1322,69.12775118,1
1323,67.79660476,1
1324,95.26710489,1
1325,77.61776722,1
1326,38.30114714,1
1327,50.44694847,1
1328,102.3388107,1
1329,119.2284324,1
1330,104.8161592,1
1331,89.57937056,1
1332,97.46784435,1
1333,118.4878363,1
1334,105.4622088,1
1335,105.0118031,1
1336,119.8230737,1
1337,118.3790102,1
1338,97.16641883,1
1339,122.4259917,1
1340,104.0260614,1
1341,137.1315117,1
1342,139.5163849,1
1343,119.5743436,1
1344,111.5407535,1
1345,138.9075384,1
1346,161.5068282,1
1347,109.2937712,1
1348,67.61559125,1
1349,92.61598256,1
1350,67.33325215,1
1351,83.69489207,1
1352,84.9782786,1
1353,35.22426294,1
1354,14.67358758,1
1355,81.63761772,1
1356,70.68530394,1
1357,85.45246864,1
1358,101.0040489,1
1359,115.429534,1
1360,110.8134668,1
1361,83.49359318,1
1362,79.78001757,1
1363,93.75513083,1
1364,118.656356,1
1365,120.8612104,1
1366,99.28699725,1
1367,90.21299546,0
1368,86.16408643,1
1369,86.88451641,1
1370,111.1212712,1
1371,104.9424003,1
1372,122.0868375,1
1373,97.49945575,1
1374,105.2909812,1
1375,100.1029263,1
1376,87.87165422,1
1377,87.10126161,1
1378,99.00074936,1
1379,73.53969761,1
1380,85.63040854,1
1381,88.47236457,1
1382,74.61660015,1
1383,56.86416434,1
1384,79.18245441,1
1385,89.02524597,1
1386,122.20067,1
1387,165.7797098,1
1388,101.6603803,1
1389,96.29224204,1
1390,81.92092442,1
1391,84.17539042,1
1392,90.93533587,1
1393,93.34475257,1
1394,115.427252,1
1395,111.2042443,1
1396,98.83226708,1
1397,110.2151781,1
1398,142.3380601,1
1399,149.0806203,1
1400,121.6154276,1
1401,101.7889277,1
1402,79.01902017,1
1403,74.72966509,1
1404,90.90147276,1
1405,104.6322227,1
1406,115.778035,0
1407,95.56956477,1
1408,91.88451742,1
1409,101.7347422,1
1410,86.72527139,1
1411,76.6722044,1
1412,105.4518321,1
1413,111.5733647,1
1414,119.6247227,1
1415,96.50196575,1
1416,97.76708195,1
1417,83.26708138,1
1418,89.24819359,1
1419,104.471263,1
1420,110.715976,1
1421,100.4282531,1
1422,77.20890254,1
1423,93.52890647,1
1424,110.5056773,1
1425,116.4628124,1
1426,112.209263,1
1427,109.7616976,1
1428,98.17826,1
1429,116.3293321,1
1430,106.2941526,1
1431,71.1047405,1
1432,24.45538203,1
1433,71.12619871,1
1434,92.94554896,1
1435,86.81499911,1
1436,125.3081084,1
1437,177.8618168,1
1438,113.367033,1
1439,80.18878765,1
1440,95.22572314,1
1441,118.6444142,1
1442,199.184327,1
1443,101.8597212,1
1444,92.95802927,1
1445,101.632949,1
1446,101.4492327,1
1447,101.4038885,1
1448,104.7225562,1
1449,117.7077224,1
1450,75.55546269,1
1451,65.93243797,1
1452,69.25045796,1
1453,65.61224819,1
1454,96.81717936,1
1455,55.2385453,0
1456,77.57835478,0
1457,102.3108963,1
1458,121.4607191,1
1459,91.7235266,1
1460,84.16649527,1
1461,84.89799706,1
1462,78.56097897,0
1463,92.2020112,1
1464,127.3803026,1
1465,121.0209967,1
1466,83.49352049,1
1467,65.76640698,1
1468,85.07795745,1
1469,104.9077815,1
1470,91.85154672,1
1471,96.41374257,1
1472,116.3056708,1
1473,88.99664281,1
1474,75.27302388,1
1475,188.1976495,1
1476,222.438419,1
1477,178.0796754,1
1478,175.352893,1
1479,137.8500262,1
1480,80.78625249,1
1481,86.60790073,1
1482,176.68995,1
1483,278.7777435,1
1484,154.4731449,1
1485,4549.645105,1
1486,906.4372323,1
1487,163.7336252,0
1488,86.39622431,1
1489,150.9484801,0
1490,183.4002093,1
1491,188.7424195,1
1492,107.5212334,1
1493,117.6827391,1
1494,240.9545239,1
1495,186.9176322,1
1496,110.1512267,1
1497,92.70133953,1
1498,143.4550561,1
1499,147.6879095,1
1500,107.8491587,1
1501,44.17631186,1
1502,86.43577587,1
1503,97.71508951,1
1504,57.33821194,1
1505,85.98148307,1
1506,108.2907152,1
1507,114.7685038,1
1508,127.4802754,1
1509,110.4895928,1
1510,104.4634554,1
1511,105.0981782,1
1512,111.0460243,1
1513,114.360572,1
1514,103.0440629,1
1515,77.03140322,1
1516,87.18091338,1
1517,139.955977,1
1518,115.9396033,1
1519,123.7875391,1
1520,160.9384487,1
1521,1284.799876,1
1522,132.4925904,1
1523,153.7842958,1
1524,135.2064474,1
1525,118.2619446,1
1526,75.98119137,1
1527,103.1975585,1
1528,106.9388027,1
1529,95.07842459,1
1530,74.37493203,1
1531,81.47204007,0
1532,76.97154796,1
1533,122.2385811,1
1534,126.7859571,1
1535,102.6085151,1
1536,95.25118781,1
1537,103.9571924,1
1538,111.1497946,1
1539,113.6447743,1
1540,127.2765992,1
1541,115.460165,1
1542,111.2407066,1
1543,98.95473172,1
1544,97.85759965,1
1545,80.29292737,1
1546,95.56789356,1
1547,114.1613715,1
1548,108.460275,1
1549,83.98953774,1
1550,85.16593486,1
1551,94.38958823,1
1552,131.3335309,1
1553,119.3975507,1
1554,112.9080676,1
1555,116.7564884,1
1556,98.53030197,1
1557,103.2729949,1
1558,86.80268601,1
1559,113.1340539,1
1560,106.3359468,1
1561,121.8751363,1
1562,126.8896051,1
1563,128.7232047,1
1564,122.4421606,1
1565,111.731646,1
1566,113.1121728,1
1567,100.0056174,1
1568,100.1096387,1
1569,84.83386371,1
1570,78.14244558,0
1571,66.87481389,0
1572,80.07625848,0
1573,95.10738692,0
1574,89.62898584,1
1575,86.74929284,1
1576,62.60573067,0
1577,60.91838254,1
1578,79.62008598,1
1579,86.02286062,1
1580,121.0296417,1
1581,96.95170577,1
1582,90.5638369,1
1583,103.5866148,1
1584,101.1629982,1
1585,103.3834967,1
1586,108.0955559,1
1587,112.5055846,1
1588,94.75371448,1
1589,114.5284513,1
1590,113.6303305,1
1591,93.13527687,1
1592,87.03653305,1
1593,87.37738174,1
1594,77.15737698,1
1595,89.82269178,1
1596,100.6447738,1
1597,98.94296433,1
1598,96.78385886,1
1599,86.4417851,1
1600,76.29416809,1
1601,93.3443643,1
1602,104.5578083,1
1603,115.8944559,1
1604,88.38713619,1
1605,91.54712449,1
1606,74.26293512,1
1607,63.90308214,1
1608,87.61101403,1
1609,79.96477454,1
1610,85.0039422,1
1611,100.0150103,1
1612,100.7077503,1
1613,113.2446372,1
1614,108.9225857,1
1615,115.7252699,1
1616,149.1184438,1
1617,155.9883292,1
1618,162.4919949,1
1619,139.2008162,1
1620,102.4160856,1
1621,69.56130597,1
1622,47.48787404,0
1623,73.07808171,1
1624,85.79269007,1
1625,79.5162514,1
1626,86.65546421,1
1627,104.4318503,1
1628,111.2767338,1
1629,108.7466958,1
1630,101.3953781,1
1631,157.026041,1
1632,141.9795859,1
1633,123.8097117,1
1634,111.6098615,1
1635,127.6019028,1
1636,117.5189607,1
1637,124.0512778,1
1638,106.19914,1
1639,77.67112944,1
1640,61.81515593,1
1641,52.91240414,1
1642,51.90114988,1
1643,67.19546461,1
1644,93.1106743,1
1645,97.28799981,1
1646,85.90178264,1
1647,78.71906603,1
1648,64.99290405,1
1649,87.74718655,1
1650,101.9441713,1
1651,125.0990315,1
1652,84.78069491,1
1653,89.21770528,1
1654,90.9696995,1
1655,82.19006879,1
1656,81.78499643,1
1657,92.26999314,1
1658,114.6004499,1
1659,91.54588645,1
1660,85.91887883,1
1661,101.5731984,1
1662,52.5253199,1
1663,60.15659043,1
1664,64.58534309,1
1665,69.86479583,1
1666,87.2562993,1
1667,84.07621011,1
1668,95.23321785,1
1669,94.37586715,1
1670,85.71207304,1
1671,95.8737528,1
1672,110.4700594,1
1673,153.2668494,1
1674,98.96700554,1
1675,106.5682167,1
1676,121.5323565,1
1677,127.8811699,1
1678,108.4969239,1
1679,89.42780511,1
1680,129.2625292,1
1681,95.45419528,1
1682,119.9574815,1
1683,94.66880878,1
1684,98.10109395,1
1685,163.3616367,1
1686,267.3476499,1
1687,123.8521422,1
1688,76.35098087,1
1689,100.0115921,1
1690,75.49141332,1
1691,52.02449269,1
1692,81.72362524,1
1693,61.92654742,1
1694,54.38688032,1
1695,89.13914759,1
1696,91.09893111,1
1697,55.14989882,1
1698,119.3055933,1
1699,142.1848103,1
1700,131.1074194,1
1701,140.9420211,1
1702,135.2468604,1
1703,185.2052836,1
1704,79.34719837,1
1705,75.51274154,1
1706,92.69108892,1
1707,114.8862595,1
1708,144.3934345,1
1709,99.34544347,1
1710,67.97275419,1
1711,73.467963,1
1712,65.37643892,1
1713,92.61396885,1
1714,150.0279612,1
1715,83.05214828,1
1716,76.52661892,1
1717,108.2140233,1
1718,106.4610523,1
1719,87.63007499,1
1720,137.4673567,1
1721,149.599176,1
1722,151.2558046,1
1723,82.43824146,1
1724,106.2793137,1
1725,112.2577451,1
1726,103.2310155,1
1727,109.7326738,1
1728,148.2298325,1
1729,192.4850347,1
1730,139.4994437,1
1731,69.64095969,0
1732,132.2621226,1
1733,90.4013205,1
1734,107.8227368,1
1735,121.3908912,1
1736,108.6616766,1
1737,108.8439126,1
1738,136.3619947,1
1739,88.04906289,1
1740,54.72011454,1
1741,112.0755955,1
1742,130.6718253,1
1743,131.5850422,1
1744,167.9811358,1
1745,114.6969754,1
1746,93.12022349,1
1747,90.16423585,1
1748,119.0137926,1
1749,123.2613285,1
1750,116.3406692,1
1751,92.4980437,1
1752,76.31832856,1
1753,67.01442281,1
1754,87.53321242,1
1755,111.6668677,1
1756,111.449844,1
1757,99.73613303,1
1758,82.37009654,1
1759,70.88468961,1
1760,44.84928375,1
1761,87.80824298,1
1762,104.0916075,1
1763,130.1986817,1
1764,130.318312,1
1765,89.65963518,1
1766,90.3188415,1
1767,90.79891252,1
1768,72.3988408,1
1769,79.09640417,1
1770,66.47681474,0
1771,58.45195188,1
1772,63.89768627,1
1773,81.07754151,1
1774,70.47488424,1
1775,86.63900971,1
1776,66.49132611,1
1777,57.06984589,1
1778,64.51938945,1
1779,74.43626304,1
1780,72.06559877,1
1781,67.18721945,1
1782,66.41186458,1
1783,72.2810715,1
1784,81.95589562,1
1785,83.7632517,1
1786,72.81531121,1
1787,65.41297801,1
1788,49.79429278,1
1789,60.75544396,1
1790,71.00111618,1
1791,47.35059213,1
1792,59.044675,1
1793,70.20255196,1
1794,79.60572907,1
1795,51.05874163,1
1796,33.15486702,1
1797,29.07038255,1
1798,19.17095068,1
1799,39.41504815,1
1800,45.83032615,1
1801,41.38035927,1
1802,47.12307019,1
1803,43.69041139,1
1804,62.71879257,1
1805,48.33616468,1
1806,57.73048537,1
1807,41.64754349,1
1808,58.51737364,1
1809,65.76524835,1
1810,50.93674307,1
1811,73.60174913,1
1812,83.08408218,1
1813,95.80297192,1
1814,71.95351192,1
1815,243.8101596,1
1816,44.94113626,1
1817,34.67870591,1
1818,47.19823427,1
1819,57.33130511,1
1820,42.25723939,0
1821,41.25598668,0
1822,56.12245133,1
1823,63.2954493,1
1824,87.68668878,1
1825,295.8292019,1
1826,46.25148392,1
1827,50.92180276,0
1828,69.54622563,1
1829,65.43592156,1
1830,28.04223073,1
1831,18.87543557,1
1832,56.10440026,1
1833,59.42379013,1
1834,53.31322981,1
1835,86.98086498,1
1836,65.48598559,1
1837,22.78453983,1
1838,45.62791308,1
1839,76.95247324,1
1840,88.84765354,1
1841,63.73047072,1
1842,33.40442593,1
1843,39.50076193,1
1844,52.05315547,1
1845,60.34705595,1
1846,45.35933548,1
1847,53.56486954,1
1848,45.15569085,1
1849,-1.761423453,1
1850,49.47943371,1
1851,50.13282313,1
1852,51.41502923,0
1853,54.45308234,0
1854,67.1738294,1
1855,78.27234224,1
1856,1044.447303,1
1857,2809.437516,1
1858,86.90860795,1
1859,14.2356353,1
1860,15.31077199,1
1861,25.21209272,1
1862,42.116875,1
1863,42.7660323,1
1864,45.33242536,1
1865,28.57090708,1
1866,21.55549181,1
1867,50.80924218,1
1868,61.28984085,1
1869,53.24352505,1
1870,79.01849432,1
1871,79.50264397,1
1872,55.67496226,1
1873,47.00473539,1
1874,64.10902188,1
1875,60.59554515,1
1876,51.44203692,1
1877,58.36129092,1
1878,48.65820337,1
1879,42.23609358,1
1880,51.31845616,1
1881,57.23408318,1
1882,60.55470181,1
1883,45.06152522,1
1884,48.54266915,1
1885,50.30635286,1
1886,51.28960873,1
1887,43.74592103,1
1888,52.72839509,1
1889,49.78108973,1
1890,58.52287051,1
1891,57.03638211,1
1892,53.73651471,1
1893,28.02046621,1
1894,17.91641531,1
1895,22.04145155,0
1896,48.05972395,1
1897,44.36993675,1
1898,39.12756574,1
1899,40.12713492,1
1900,29.13732578,1
1901,31.65784001,1
1902,46.67088405,1
1903,52.45119827,1
1904,51.29144223,1
1905,47.56265955,1
1906,40.76436769,1
1907,47.45869875,1
1908,34.6180548,1
1909,44.639439,1
1910,49.44768766,1
1911,43.72083739,1
1912,45.52124524,1
1913,49.31850031,1
1914,47.96327104,1
1915,42.33862791,1
1916,57.50297543,1
1917,57.69019307,1
1918,62.96751451,1
1919,61.53701996,1
1920,48.63677812,1
1921,38.37596876,1
1922,23.78090796,1
1923,64.75585113,1
1924,55.23438237,1
1925,44.72939741,1
1926,43.73804476,1
1927,38.43550662,0
1928,19.93410558,0
1929,45.98205215,0
1930,56.65741702,0
1931,40.83855359,1
1932,27.70599581,1
1933,29.80144816,1
1934,30.78270306,1
1935,42.660865,1
1936,35.70349081,1
1937,25.61588931,1
1938,33.03588516,1
1939,37.88175157,1
1940,20.49660012,1
1941,26.64118007,1
1942,17.64017408,0
1943,13.5630558,1
1944,33.03141097,1
1945,19.56668786,1
1946,32.2651911,1
1947,30.41346278,1
1948,24.12281687,1
1949,22.87564402,1
1950,36.48853238,1
1951,53.06344078,1
1952,33.51569984,1
1953,17.0648778,1
1954,15.23790152,1
1955,30.69821921,1
1956,22.46155133,1
1957,36.45639626,1
1958,37.85789836,1
1959,29.43362339,1
1960,43.43886852,1
1961,48.11872607,1
1962,51.07777502,1
1963,46.52909504,1
1964,47.15728156,1
1965,44.49108574,1
1966,44.37480596,1
1967,40.05689067,1
1968,58.07487611,1
1969,69.66122064,1
1970,40.60516447,1
1971,39.99310228,1
1972,46.78488884,1
1973,46.7074665,1
1974,50.44310686,1
1975,65.36037865,1
1976,50.14294437,1
1977,21.75529586,1
1978,30.29992998,1
1979,35.15095713,1
1980,40.30454693,1
1981,46.17833796,1
1982,52.41174158,1
1983,62.03344383,1
1984,51.80529968,1
1985,52.5677437,1
1986,64.9355269,0
1987,134.7476148,1
1988,121.1776674,1
1989,99.91431747,1
1990,50.25057404,1
1991,31.44827161,1
1992,24.87964662,1
1993,26.0068805,1
1994,34.23091122,1
1995,66.78362319,1
1996,35.14292887,1
1997,30.51870659,1
1998,34.0593321,1
1999,36.99437852,1
2000,45.89619048,1
2001,48.98674317,1
2002,56.72143583,1
2003,39.91004036,1
2004,55.53696115,1
2005,48.3032828,1
2006,49.19876027,1
2007,42.72455245,1
2008,32.46337485,1
2009,33.15843237,1
2010,37.36642631,1
2011,43.51202037,1
2012,50.02610058,1
2013,50.7877126,1
2014,75.96062272,1
2015,88.33624266,1
2016,80.38819689,1
2017,70.71627991,1
2018,67.7398805,1
2019,81.92988413,1
2020,61.71948241,1
2021,61.12317036,1
2022,61.11233617,1
2023,68.56981008,1
2024,86.65821645,1
2025,73.81550841,1
2026,43.53431853,1
2027,31.20876798,1
2028,58.02011972,1
2029,95.13777966,1
2030,93.87503029,1
2031,103.9160215,1
2032,61.44914004,1
2033,72.0830116,1
2034,69.92282946,1
2035,59.48642642,1
2036,59.04477848,1
2037,67.52983163,1
2038,63.22321802,1
2039,73.08227616,1
2040,47.91589475,1
2041,50.24795698,1
2042,47.6889717,1
2043,49.18959504,1
2044,55.46471438,1
2045,69.43370924,1
2046,60.11943198,1
2047,53.51866097,1
2048,45.52217119,1
2049,53.42043452,1
2050,42.32865173,1
2051,58.62900738,1
2052,52.32015788,1
2053,69.84183616,1
2054,52.51504329,1
2055,58.425199,1
2056,60.71057206,1
2057,44.02416502,1
2058,62.12320763,1
2059,54.11355268,1
2060,48.50830488,1
2061,56.06549025,1
2062,53.93795084,1
2063,134.4884221,1
2064,82.74421296,1
2065,90.6668878,1
2066,45.56437394,1
2067,61.60884765,1
2068,15.29224188,1
2069,9.421018531,1
2070,58.5526285,1
2071,52.28162464,1
2072,31.7696948,1
2073,25.56711429,1
2074,37.04256916,1
2075,49.7384538,1
2076,26.51715961,1
2077,18.90752412,1
2078,35.90195556,1
2079,37.01543366,1
2080,31.15281617,1
2081,22.38646877,1
2082,34.26416783,1
2083,28.32769033,1
2084,41.85212803,1
2085,44.30535805,1
2086,34.96841219,1
2087,34.6966765,1
2088,40.83704346,1
2089,24.26530783,1
2090,23.05133479,1
2091,34.25364192,1
2092,25.92532279,1
2093,34.21179457,1
2094,51.7793561,1
2095,53.42920966,1
2096,33.44471011,1
2097,57.92002876,1
2098,59.74605347,1
2099,42.12017751,1
2100,38.05764052,1
2101,34.65467056,1
2102,-6.076028369,1
2103,-1.983470633,1
2104,25.0086136,1
2105,36.76470052,1
2106,75.77105901,1
