date,demand,RRP,school_day,holiday
2015-01-01,99635.03,25.63369643,N,Y
2015-01-02,129606.01,33.13898756,N,N
2015-01-03,142300.54,34.56485483,N,N
2015-01-04,104330.715,25.00556024,N,N
2015-01-05,118132.2,26.72417628,N,N
2015-01-06,130672.485,31.28231073,N,N
2015-01-07,153514.82,48.31230938,N,N
2015-01-08,142015.655,49.1172803,N,N
2015-01-09,121801.155,34.49067545,N,N
2015-01-10,103043.66,20.2298249,N,N
2015-01-11,99865.755,18.23476806,N,N
2015-01-12,131261.125,33.69481017,N,N
2015-01-13,126527.36,27.53786427,N,N
2015-01-14,119741.62,29.01851661,N,N
2015-01-15,118411.22,30.93653879,N,N
2015-01-16,116690.765,23.01519088,N,N
2015-01-17,99371.31,18.99492729,N,N
2015-01-18,97728.75,17.00868088,N,N
2015-01-19,116883.15,26.92787619,N,N
2015-01-20,128968.125,23.07807414,N,N
2015-01-21,148702.505,34.44341546,N,N
2015-01-22,153232.1,35.2307614,N,N
2015-01-23,138095.2,40.60420022,N,N
2015-01-24,116310.59,20.92200015,N,N
2015-01-25,97959.46,16.5414177,N,N
2015-01-26,103769.48,16.9360128,N,Y
2015-01-27,118393.31,21.2062886,N,N
2015-01-28,116763.725,17.02383824,N,N
2015-01-29,119313.73,19.62482736,Y,N
2015-01-30,121018.15,21.02935608,Y,N
2015-01-31,103822.97,16.53884673,Y,N
2015-02-01,100178.84,14.57884442,Y,N
2015-02-02,118694.16,22.27003219,Y,N
2015-02-03,122880.13,27.00383233,Y,N
2015-02-04,117398.03,27.8091342,Y,N
2015-02-05,122279.425,31.38457074,Y,N
2015-02-06,141837.005,38.84018027,Y,N
2015-02-07,132138.365,28.76170678,Y,N
2015-02-08,112108.215,23.9741066,Y,N
2015-02-09,126813.075,28.90913471,Y,N
2015-02-10,145948.565,37.52259998,Y,N
2015-02-11,149322.85,32.6554543,Y,N
2015-02-12,131376.78,26.57663494,Y,N
2015-02-13,136070.62,18.73697061,Y,N
2015-02-14,119692.025,20.24010323,Y,N
2015-02-15,125287.71,24.58418694,Y,N
2015-02-16,131832.63,31.9490406,Y,N
2015-02-17,127666.01,30.25014939,Y,N
2015-02-18,125972.765,30.23579275,Y,N
2015-02-19,139399.69,33.59896068,Y,N
2015-02-20,139465.675,33.53867153,Y,N
2015-02-21,136283.03,31.25281984,Y,N
2015-02-22,138016.35,32.40972721,Y,N
2015-02-23,135255.815,28.41722913,Y,N
2015-02-24,120263.515,26.5590119,Y,N
2015-02-25,130062.755,33.32324959,Y,N
2015-02-26,131525.855,39.08657834,Y,N
2015-02-27,131069.4,36.33901155,Y,N
2015-02-28,116275.73,25.14313073,Y,N
2015-03-01,103462.78,24.58614815,Y,N
2015-03-02,123301.835,33.16652623,Y,N
2015-03-03,126750.29,43.73945714,Y,N
2015-03-04,120764.185,37.25248391,Y,N
2015-03-05,114967.345,25.3228281,Y,N
2015-03-06,117053.75,27.75052169,Y,N
2015-03-07,108344.575,22.11321454,Y,N
2015-03-08,106348.78,20.57443413,Y,N
2015-03-09,108282.48,23.80806827,Y,Y
2015-03-10,125828.53,31.76374918,Y,N
2015-03-11,124418.415,33.59649288,Y,N
2015-03-12,121683.65,26.04050589,Y,N
2015-03-13,120929.815,24.19536323,Y,N
2015-03-14,108738.82,17.39452956,Y,N
2015-03-15,100170.295,14.3730994,Y,N
2015-03-16,123787.075,22.66079993,Y,N
2015-03-17,125600.86,21.38556947,Y,N
2015-03-18,127975.815,24.43863773,Y,N
2015-03-19,128319.45,24.56824098,Y,N
2015-03-20,119491.32,24.06816285,Y,N
2015-03-21,106754.8,20.47371461,Y,N
2015-03-22,106555.03,18.91869559,Y,N
2015-03-23,122810.05,26.68562798,Y,N
2015-03-24,123234.935,34.05849946,Y,N
2015-03-25,122268.86,28.54875424,Y,N
2015-03-26,121998.2,21.9713629,Y,N
2015-03-27,122346.335,25.77160038,N,N
2015-03-28,112187.715,29.27136869,N,N
2015-03-29,106418.665,24.67271635,N,N
2015-03-30,123061.87,33.7503627,N,N
2015-03-31,125795.325,31.83656958,N,N
2015-04-01,122042.265,26.16780586,N,N
2015-04-02,113838.41,23.46025058,N,N
2015-04-03,98891.06,20.9393785,N,Y
2015-04-04,103999.17,23.18805617,N,Y
2015-04-05,103685.45,20.50865038,N,N
2015-04-06,107383.37,17.04855264,N,Y
2015-04-07,120235.505,21.35945999,N,N
2015-04-08,122129.775,25.20801652,N,N
2015-04-09,123990.76,25.20780037,N,N
2015-04-10,121753.115,25.6771108,N,N
2015-04-11,110034.165,23.05591231,N,N
2015-04-12,103760.225,22.05303719,N,N
2015-04-13,125107.78,29.40828908,N,N
2015-04-14,127793.38,30.99517563,Y,N
2015-04-15,126673.935,31.09055848,Y,N
2015-04-16,126937.94,40.68150885,Y,N
2015-04-17,131031.415,33.98750482,Y,N
2015-04-18,109763.985,26.14012894,Y,N
2015-04-19,107160.54,24.54069444,Y,N
2015-04-20,126696.19,33.67717583,Y,N
2015-04-21,127973.585,30.4731569,Y,N
2015-04-22,128598.495,36.69528357,Y,N
2015-04-23,126483.805,35.42248474,Y,N
2015-04-24,126230.785,36.4979363,Y,N
2015-04-25,111803.625,25.97830858,Y,Y
2015-04-26,108217.82,28.95541976,Y,N
2015-04-27,127855.22,48.67306836,Y,N
2015-04-28,132642.14,46.2680344,Y,N
2015-04-29,132814.615,39.82982089,Y,N
2015-04-30,132669.58,39.09265231,Y,N
2015-05-01,126304.445,47.4744621,Y,N
2015-05-02,108487.975,25.8520399,Y,N
2015-05-03,109233.34,30.62706307,Y,N
2015-05-04,122375.47,28.80303794,Y,N
2015-05-05,123734.865,27.38334397,Y,N
2015-05-06,129121.86,26.02258938,Y,N
2015-05-07,131237.185,29.08203003,Y,N
2015-05-08,131138.73,29.07560905,Y,N
2015-05-09,108377.05,19.60236047,Y,N
2015-05-10,103811.28,13.27984076,Y,N
2015-05-11,123740.245,28.47548938,Y,N
2015-05-12,129312.58,28.35535897,Y,N
2015-05-13,136903.27,33.6029018,Y,N
2015-05-14,135217.65,36.08497609,Y,N
2015-05-15,135172.41,32.88820189,Y,N
2015-05-16,117136.63,35.11935553,Y,N
2015-05-17,111897.085,30.54759947,Y,N
2015-05-18,127524.8,39.33371288,Y,N
2015-05-19,133235.48,34.03831774,Y,N
2015-05-20,127522.71,30.97608603,Y,N
2015-05-21,135361.195,35.62199843,Y,N
2015-05-22,133422.46,34.61410533,Y,N
2015-05-23,119331.85,31.22698432,Y,N
2015-05-24,118783.085,31.49325856,Y,N
2015-05-25,136690.92,51.61033015,Y,N
2015-05-26,140886.995,46.40181363,Y,N
2015-05-27,133103.37,29.88407137,Y,N
2015-05-28,127900.235,26.09688903,Y,N
2015-05-29,132338.94,29.80358005,Y,N
2015-05-30,114669.79,19.04882579,Y,N
2015-05-31,113261.26,18.57271408,Y,N
2015-06-01,140919.995,36.92812664,Y,N
2015-06-02,148534.505,59.85603338,Y,N
2015-06-03,146902.95,50.5626836,Y,N
2015-06-04,147155.265,33.05028479,Y,N
2015-06-05,142625.035,37.96653889,Y,N
2015-06-06,120128.295,30.18134685,Y,N
2015-06-07,109609.685,23.38038485,Y,N
2015-06-08,110715.815,24.3576365,Y,Y
2015-06-09,132854.135,36.71427512,Y,N
2015-06-10,144125.525,39.76613747,Y,N
2015-06-11,143465.445,37.48182938,Y,N
2015-06-12,145005.62,37.53937282,Y,N
2015-06-13,123754.55,29.86858815,Y,N
2015-06-14,119125.62,31.59818231,Y,N
2015-06-15,136054.145,36.01098153,Y,N
2015-06-16,139073.785,36.94281938,Y,N
2015-06-17,134290.46,39.27859913,Y,N
2015-06-18,137073.775,37.45776352,Y,N
2015-06-19,139781.245,38.55071374,Y,N
2015-06-20,129576.36,41.09768311,Y,N
2015-06-21,124910.57,33.90238984,Y,N
2015-06-22,140431.36,30.47783118,Y,N
2015-06-23,133171.4,30.2380616,Y,N
2015-06-24,135407.57,32.21777895,Y,N
2015-06-25,137379.23,33.05483817,Y,N
2015-06-26,135562.075,31.92862512,N,N
2015-06-27,124587.43,28.29254035,N,N
2015-06-28,119277.48,31.00149176,N,N
2015-06-29,139468.155,35.77539876,N,N
2015-06-30,143170.055,37.6252582,N,N
2015-07-01,138931,29.52094616,N,N
2015-07-02,138972.425,35.6183138,N,N
2015-07-03,145713.81,42.62957624,N,N
2015-07-04,130073.27,29.12782527,N,N
2015-07-05,117312.925,24.00328983,N,N
2015-07-06,143176.335,36.04178884,N,N
2015-07-07,143984.39,37.29751745,N,N
2015-07-08,141696.295,40.58380685,N,N
2015-07-09,141994.375,38.51727354,N,N
2015-07-10,136884.095,32.28845537,N,N
2015-07-11,123971.705,30.62181991,N,N
2015-07-12,124790.695,33.15211905,N,N
2015-07-13,138680.335,47.52630153,N,N
2015-07-14,150671.105,45.25558281,Y,N
2015-07-15,151270.54,50.4974182,Y,N
2015-07-16,144797.98,40.47170764,Y,N
2015-07-17,142965.48,49.21850696,Y,N
2015-07-18,130187.445,44.09776708,Y,N
2015-07-19,131141.355,43.57342248,Y,N
2015-07-20,146154.37,41.79671269,Y,N
2015-07-21,138931.81,28.89548968,Y,N
2015-07-22,138418.835,33.70727752,Y,N
2015-07-23,142316.295,33.97518484,Y,N
2015-07-24,136837.155,27.6698245,Y,N
2015-07-25,121021.425,22.2391885,Y,N
2015-07-26,120396.735,22.38424622,Y,N
2015-07-27,142470.43,35.17621745,Y,N
2015-07-28,144008.37,40.75298793,Y,N
2015-07-29,142637.76,37.23752124,Y,N
2015-07-30,143544.11,29.12283736,Y,N
2015-07-31,139584.955,35.05977109,Y,N
2015-08-01,125032.57,29.88013959,Y,N
2015-08-02,117638.065,23.37418658,Y,N
2015-08-03,141451.725,38.12797815,Y,N
2015-08-04,147550.185,44.67333638,Y,N
2015-08-05,142325.99,42.5957224,Y,N
2015-08-06,143642.355,48.94517285,Y,N
2015-08-07,143060.33,42.78284919,Y,N
2015-08-08,125830.535,39.11605998,Y,N
2015-08-09,120008.455,29.44132945,Y,N
2015-08-10,130978.095,30.09105237,Y,N
2015-08-11,135616.125,31.94331353,Y,N
2015-08-12,138900.5,37.33841387,Y,N
2015-08-13,140905.85,36.73054058,Y,N
2015-08-14,137838.925,35.43773739,Y,N
2015-08-15,122088.76,34.08615436,Y,N
2015-08-16,116648.77,25.31764941,Y,N
2015-08-17,137008.71,31.79373023,Y,N
2015-08-18,148093.96,45.28668706,Y,N
2015-08-19,144024.66,39.23515304,Y,N
2015-08-20,131575.79,30.54500061,Y,N
2015-08-21,126570.47,38.88847204,Y,N
2015-08-22,112275.15,32.23832167,Y,N
2015-08-23,111793.015,29.44134872,Y,N
2015-08-24,128868.255,26.61266289,Y,N
2015-08-25,135051.545,28.80467771,Y,N
2015-08-26,135914.68,37.13177468,Y,N
2015-08-27,141159.77,41.60533545,Y,N
2015-08-28,134755.505,38.17912007,Y,N
2015-08-29,124448.5,35.47451361,Y,N
2015-08-30,116744.215,42.41417956,Y,N
2015-08-31,137724.895,50.27328749,Y,N
2015-09-01,134116.77,50.14578439,Y,N
2015-09-02,132794.715,49.03831254,Y,N
2015-09-03,132096.335,45.54626467,Y,N
2015-09-04,131384.88,65.73690671,Y,N
2015-09-05,115799.32,57.1775692,Y,N
2015-09-06,109641.375,40.58176552,Y,N
2015-09-07,131619.365,38.52697878,Y,N
2015-09-08,136340.7,41.71038161,Y,N
2015-09-09,132977.45,48.12810484,Y,N
2015-09-10,133541.98,48.91956662,Y,N
2015-09-11,123968.9,36.08846518,Y,N
2015-09-12,108790.005,37.65455156,Y,N
2015-09-13,99161.765,30.35960587,Y,N
2015-09-14,116574.17,32.34565421,Y,N
2015-09-15,123750.5,34.50652241,Y,N
2015-09-16,131795.485,38.96606247,Y,N
2015-09-17,131050.675,40.63926437,Y,N
2015-09-18,130764.585,40.63008102,N,N
2015-09-19,112377.185,47.82671203,N,N
2015-09-20,103708.925,32.85772784,N,N
2015-09-21,120096.71,44.95597741,N,N
2015-09-22,127755.095,99.47616671,N,N
2015-09-23,131866.73,49.76861067,N,N
2015-09-24,130937.625,54.98052681,N,N
2015-09-25,124278.93,51.08100179,N,N
2015-09-26,111064.49,48.78936994,N,N
2015-09-27,106431.815,43.93161371,N,N
2015-09-28,121796.715,42.02601538,N,N
2015-09-29,126691.8,37.64010125,N,N
2015-09-30,129641.245,41.98096898,N,N
2015-10-01,124356.415,34.80976299,N,N
2015-10-02,107544.145,38.30698393,N,Y
2015-10-03,100598.55,30.78069241,N,N
2015-10-04,103828.88,36.56069849,N,N
2015-10-05,125194.87,38.97200519,N,N
2015-10-06,127225.245,36.24445144,Y,N
2015-10-07,117282.765,31.59640663,Y,N
2015-10-08,122121.325,36.14098237,Y,N
2015-10-09,126989.905,41.41507492,Y,N
2015-10-10,112604.825,34.80317686,Y,N
2015-10-11,105376.335,29.90281083,Y,N
2015-10-12,120916.215,36.35362381,Y,N
2015-10-13,122830.38,41.49816809,Y,N
2015-10-14,126919.195,45.5634402,Y,N
2015-10-15,130260.37,39.06694868,Y,N
2015-10-16,123985.97,43.80436083,Y,N
2015-10-17,104916.345,29.67361006,Y,N
2015-10-18,100812.04,29.12086757,Y,N
2015-10-19,120795,43.51067632,Y,N
2015-10-20,126655.49,43.3328692,Y,N
2015-10-21,122368.885,39.68189403,Y,N
2015-10-22,121471.64,44.03304646,Y,N
2015-10-23,120420.7,48.1698968,Y,N
2015-10-24,106813.03,32.19205197,Y,N
2015-10-25,102279.745,17.4659695,Y,N
2015-10-26,115297.34,29.39851628,Y,N
2015-10-27,116619.57,31.32939962,Y,N
2015-10-28,122887.41,39.51380992,Y,N
2015-10-29,124222.935,62.32012828,Y,N
2015-10-30,121256.97,35.87555035,Y,N
2015-10-31,106353.44,18.37479011,Y,N
2015-11-01,103629.645,14.68483973,Y,N
2015-11-02,113791.75,25.01784896,Y,N
2015-11-03,101793.035,14.15794771,Y,Y
2015-11-04,120177.945,29.23763309,Y,N
2015-11-05,125985.465,34.57679076,Y,N
2015-11-06,120505.585,30.64286687,Y,N
2015-11-07,104269.79,18.27265483,Y,N
2015-11-08,103793.085,21.09536038,Y,N
2015-11-09,127234.72,35.05480023,Y,N
2015-11-10,121617.28,32.06707648,Y,N
2015-11-11,121566.645,35.22410385,Y,N
2015-11-12,123775.16,38.48525874,Y,N
2015-11-13,117078.585,32.82309665,Y,N
2015-11-14,103646.635,33.56093861,Y,N
2015-11-15,99761.81,28.29807106,Y,N
2015-11-16,124557.225,39.12737374,Y,N
2015-11-17,131442.2,36.02454725,Y,N
2015-11-18,132353.755,60.68023827,Y,N
2015-11-19,138118.705,78.29096807,Y,N
2015-11-20,123412.685,38.02649768,Y,N
2015-11-21,102647.905,27.41362241,Y,N
2015-11-22,98621.62,32.34590077,Y,N
2015-11-23,114406.825,41.36877245,Y,N
2015-11-24,118894.305,48.52152976,Y,N
2015-11-25,124728.875,60.69203392,Y,N
2015-11-26,112907.145,30.49417411,Y,N
2015-11-27,117492.82,40.36654546,Y,N
2015-11-28,105011.195,43.32666084,Y,N
2015-11-29,102162.53,39.12126473,Y,N
2015-11-30,122452.415,45.57726057,Y,N
2015-12-01,117115.62,37.92095899,Y,N
2015-12-02,115230.125,37.4708208,Y,N
2015-12-03,121699.425,43.34422421,Y,N
2015-12-04,129148.52,66.53389405,Y,N
2015-12-05,115606.005,36.90686862,Y,N
2015-12-06,112025.29,36.78833221,Y,N
2015-12-07,129059.645,53.36909872,Y,N
2015-12-08,136800.91,57.53424668,Y,N
2015-12-09,125965.02,49.73700573,Y,N
2015-12-10,125807.495,50.80601367,Y,N
2015-12-11,116597.81,32.02012919,Y,N
2015-12-12,106139.41,34.14289792,Y,N
2015-12-13,105218.515,40.30682955,Y,N
2015-12-14,125784.96,51.74782952,Y,N
2015-12-15,129077.41,51.66083017,Y,N
2015-12-16,135930.08,78.64591999,Y,N
2015-12-17,152366.3,188.0861252,Y,N
2015-12-18,158052.89,81.19248625,N,N
2015-12-19,154924.89,69.32882082,N,N
2015-12-20,133421.03,54.64980429,N,N
2015-12-21,113802.21,49.62125192,N,N
2015-12-22,119477.515,37.53130427,N,N
2015-12-23,126553.115,39.13822083,N,N
2015-12-24,134583.25,50.81827517,N,N
2015-12-25,119950.37,22.11558624,N,Y
2015-12-26,95093.295,14.96710809,N,Y
2015-12-27,96394.94,19.82318359,N,N
2015-12-28,100048.44,20.09753992,N,Y
2015-12-29,111647.54,27.33170157,N,N
2015-12-30,128552.135,43.82687479,N,N
2015-12-31,146473.835,101.9915588,N,N
2016-01-01,116040.925,32.52767336,N,Y
2016-01-02,99622.64,21.89456076,N,N
2016-01-03,97656.445,19.8953848,N,N
2016-01-04,110932.505,25.44347924,N,N
2016-01-05,117873.58,29.91718737,N,N
2016-01-06,115064.265,31.79025205,N,N
2016-01-07,112392.695,34.44506917,N,N
2016-01-08,111879.54,36.88815616,N,N
2016-01-09,105482.695,41.98782325,N,N
2016-01-10,113049.145,44.47978703,N,N
2016-01-11,141133.085,88.11610079,N,N
2016-01-12,135006.11,62.53997502,N,N
2016-01-13,160011.075,545.7378196,N,N
2016-01-14,120396.335,36.37140419,N,N
2016-01-15,113244.79,30.20390307,N,N
2016-01-16,103046.17,23.67497011,N,N
2016-01-17,114097.07,29.15326195,N,N
2016-01-18,147817.585,43.40935802,N,N
2016-01-19,148612.37,49.25793525,N,N
2016-01-20,142471.51,53.30039877,N,N
2016-01-21,139450.615,55.47008954,N,N
2016-01-22,129135.185,42.33773277,N,N
2016-01-23,108097.845,26.97502333,N,N
2016-01-24,103396.3,26.41220907,N,N
2016-01-25,112649.6,27.59659014,N,N
2016-01-26,110152.815,25.27669394,N,Y
2016-01-27,133718.035,32.75984945,N,N
2016-01-28,134169.83,33.32496816,Y,N
2016-01-29,123615.21,32.69384721,Y,N
2016-01-30,107579.345,23.84687233,Y,N
2016-01-31,101279.65,23.47662571,Y,N
2016-02-01,121942.895,31.58876665,Y,N
2016-02-02,133989.155,35.64081616,Y,N
2016-02-03,122594.475,27.87604398,Y,N
2016-02-04,119919.605,22.3923782,Y,N
2016-02-05,126330.55,26.8545022,Y,N
2016-02-06,123737.01,28.72453436,Y,N
2016-02-07,124436.81,33.49284634,Y,N
2016-02-08,129327.225,33.9086031,Y,N
2016-02-09,131271.265,38.70567585,Y,N
2016-02-10,132265.005,41.37607962,Y,N
2016-02-11,131003.79,34.38993372,Y,N
2016-02-12,133845.52,40.62665069,Y,N
2016-02-13,120839.995,32.23139796,Y,N
2016-02-14,104364.735,26.26726968,Y,N
2016-02-15,120863.325,32.56207053,Y,N
2016-02-16,117062.035,29.58535343,Y,N
2016-02-17,119481.79,32.50451406,Y,N
2016-02-18,125964.185,47.40430914,Y,N
2016-02-19,122991.66,43.69489681,Y,N
2016-02-20,105911.71,26.30452433,Y,N
2016-02-21,107884.355,24.60568176,Y,N
2016-02-22,130527.325,55.28023145,Y,N
2016-02-23,156924.83,66.96065647,Y,N
2016-02-24,152419.415,72.24069994,Y,N
2016-02-25,138064.855,43.38678606,Y,N
2016-02-26,122575.935,35.55254287,Y,N
2016-02-27,110545.84,32.10570563,Y,N
2016-02-28,105781.985,30.39844268,Y,N
2016-02-29,125400.08,41.25807901,Y,N
2016-03-01,142242.595,96.28761922,Y,N
2016-03-02,145182.98,53.91107114,Y,N
2016-03-03,136226.12,49.55216251,Y,N
2016-03-04,149376.57,43.22741726,Y,N
2016-03-05,124692.315,37.4253858,Y,N
2016-03-06,117707.95,41.3206478,Y,N
2016-03-07,131465.825,41.14950256,Y,N
2016-03-08,160285.015,253.0320323,Y,N
2016-03-09,152599.125,66.41160339,Y,N
2016-03-10,135635.705,46.52161235,Y,N
2016-03-11,141414.35,49.79353314,Y,N
2016-03-12,119690.755,37.32101386,Y,N
2016-03-13,111329.62,30.0869621,Y,N
2016-03-14,105388.57,24.79442999,Y,Y
2016-03-15,123073.98,28.46012769,Y,N
2016-03-16,135047.625,54.35305581,Y,N
2016-03-17,143184.805,49.4911015,Y,N
2016-03-18,118189.72,33.97202362,Y,N
2016-03-19,105484.1,48.71748998,Y,N
2016-03-20,100394.06,47.17506412,Y,N
2016-03-21,117796.715,49.67654935,Y,N
2016-03-22,124081.46,56.87274821,Y,N
2016-03-23,126074.895,44.26219138,Y,N
2016-03-24,125072.73,42.35494432,N,N
2016-03-25,101740.89,30.22185548,N,Y
2016-03-26,102726.745,30.53949743,N,Y
2016-03-27,98324.645,25.86103521,N,Y
2016-03-28,102746.6,27.58617697,N,Y
2016-03-29,118281.13,31.07095135,N,N
2016-03-30,122625.21,29.06251382,N,N
2016-03-31,122964.715,21.90202897,N,N
2016-04-01,116321.6,14.49079665,N,N
2016-04-02,102832.72,13.56898646,N,N
2016-04-03,102084,15.80399954,N,N
2016-04-04,120445.735,38.46855031,N,N
2016-04-05,120371.235,21.42320815,N,N
2016-04-06,125657.125,45.52080455,N,N
2016-04-07,125663.33,52.13196852,N,N
2016-04-08,124266.885,75.35781074,N,N
2016-04-09,109044.9,73.13914453,N,N
2016-04-10,99845.345,35.12054575,N,N
2016-04-11,118614.005,62.30651081,N,N
2016-04-12,123808.76,62.9645525,Y,N
2016-04-13,124686.63,77.21022318,Y,N
2016-04-14,126519.065,92.92520704,Y,N
2016-04-15,124721.485,81.71784794,Y,N
2016-04-16,108525.965,51.52896856,Y,N
2016-04-17,100526.305,39.12944308,Y,N
2016-04-18,123441.82,61.62911492,Y,N
2016-04-19,126846.445,54.57119179,Y,N
2016-04-20,125204.785,40.0536623,Y,N
2016-04-21,125514.14,55.74046858,Y,N
2016-04-22,120124.305,52.29655518,Y,N
2016-04-23,108773.745,36.7345262,Y,N
2016-04-24,105642.28,30.68045485,Y,N
2016-04-25,104072.435,39.08786122,Y,Y
2016-04-26,117437.665,56.43641514,Y,N
2016-04-27,118531.5,19.4111381,Y,N
2016-04-28,126847.02,60.58197893,Y,N
2016-04-29,122054.13,51.74834177,Y,N
2016-04-30,103505.195,27.10790618,Y,N
2016-05-01,98873.535,31.87421762,Y,N
2016-05-02,116969.63,37.34851758,Y,N
2016-05-03,119014.445,22.24291908,Y,N
2016-05-04,124525.185,47.7538426,Y,N
2016-05-05,118192.055,27.23225297,Y,N
2016-05-06,120421.32,64.31705658,Y,N
2016-05-07,106052.64,46.62702428,Y,N
2016-05-08,103487.28,59.14011232,Y,N
2016-05-09,119781.135,100.8140427,Y,N
2016-05-10,119611.88,36.9801066,Y,N
2016-05-11,123616.28,59.84988166,Y,N
2016-05-12,120693.53,53.79609684,Y,N
2016-05-13,118800.07,52.36555156,Y,N
2016-05-14,101945.995,28.27876737,Y,N
2016-05-15,99697.62,37.07654106,Y,N
2016-05-16,121182.695,41.91676316,Y,N
2016-05-17,124209.405,68.33332655,Y,N
2016-05-18,124352.215,70.58882764,Y,N
2016-05-19,124392.29,44.40335829,Y,N
2016-05-20,127705.84,79.7959074,Y,N
2016-05-21,112336.78,45.74527142,Y,N
2016-05-22,101618.98,24.19265246,Y,N
2016-05-23,121424.42,10.80151908,Y,N
2016-05-24,131916.405,45.21384715,Y,N
2016-05-25,132170.05,66.25853483,Y,N
2016-05-26,137080.875,99.42483313,Y,N
2016-05-27,134317.62,68.19342854,Y,N
2016-05-28,119938.795,81.99013458,Y,N
2016-05-29,118751.965,68.71547404,Y,N
2016-05-30,134983.955,115.7846736,Y,N
2016-05-31,140402.15,156.4647226,Y,N
2016-06-01,141195.03,168.8527592,Y,N
2016-06-02,141292.56,180.9103503,Y,N
2016-06-03,137717.255,175.8546299,Y,N
2016-06-04,122764.33,126.7499719,Y,N
2016-06-05,116052.805,122.7887776,Y,N
2016-06-06,134829.755,107.4456121,Y,N
2016-06-07,135306.005,88.32696291,Y,N
2016-06-08,137305.355,91.3156602,Y,N
2016-06-09,132859.305,50.23897194,Y,N
2016-06-10,132209.515,47.42579878,Y,N
2016-06-11,120753.43,55.59096958,Y,N
2016-06-12,122771.53,77.21528799,Y,N
2016-06-13,122106.95,95.06477463,Y,Y
2016-06-14,138466.56,90.84510926,Y,N
2016-06-15,140904.59,92.41624585,Y,N
2016-06-16,140741.165,89.92914895,Y,N
2016-06-17,138023.11,99.57367451,Y,N
2016-06-18,123162.185,62.93401613,Y,N
2016-06-19,119662.165,79.38482177,Y,N
2016-06-20,134435.115,114.875078,Y,N
2016-06-21,137511.315,62.15476411,Y,N
2016-06-22,133813.285,58.75903858,Y,N
2016-06-23,136740.005,78.31898019,Y,N
2016-06-24,144658.38,67.9384962,N,N
2016-06-25,131730.835,99.7632508,N,N
2016-06-26,126455.935,120.4411006,N,N
2016-06-27,148639.995,127.3466076,N,N
2016-06-28,142146.31,110.2803903,N,N
2016-06-29,136071.965,80.12524308,N,N
2016-06-30,141078.46,115.1178955,N,N
2016-07-01,136676.715,117.7120479,N,N
2016-07-02,118683.565,90.45652378,N,N
2016-07-03,112556.405,68.59708917,N,N
2016-07-04,135712.245,124.1368856,N,N
2016-07-05,142401.795,147.1876919,N,N
2016-07-06,134056.095,116.6821116,N,N
2016-07-07,138768.045,176.9120362,N,N
2016-07-08,136690.05,114.844203,N,N
2016-07-09,122369.535,105.5485761,N,N
2016-07-10,119218.23,36.16721233,N,N
2016-07-11,128207.125,44.85808004,N,N
2016-07-12,137582.195,49.15948572,Y,N
2016-07-13,145728.26,65.91496492,Y,N
2016-07-14,144103.705,76.11745262,Y,N
2016-07-15,141166.85,79.50760048,Y,N
2016-07-16,120659.15,73.69441877,Y,N
2016-07-17,113418.125,48.7884053,Y,N
2016-07-18,127367.015,43.8915187,Y,N
2016-07-19,137028.05,49.45378979,Y,N
2016-07-20,136850.14,52.33155194,Y,N
2016-07-21,136127.125,44.92653284,Y,N
2016-07-22,128777.82,21.09171887,Y,N
2016-07-23,119888.575,62.70928693,Y,N
2016-07-24,120126.905,52.22700853,Y,N
2016-07-25,138134.635,37.98018661,Y,N
2016-07-26,146465.69,47.97124596,Y,N
2016-07-27,143209.755,36.39746278,Y,N
2016-07-28,142341.635,41.56189875,Y,N
2016-07-29,139822.93,33.86968192,Y,N
2016-07-30,121548.535,24.84952843,Y,N
2016-07-31,114481.28,33.77825209,Y,N
2016-08-01,137934.845,45.97912937,Y,N
2016-08-02,137301.69,48.59799058,Y,N
2016-08-03,140922.715,58.02954936,Y,N
2016-08-04,142671.51,51.56528219,Y,N
2016-08-05,145491.33,70.2031165,Y,N
2016-08-06,130907.095,54.3980783,Y,N
2016-08-07,120379.285,32.88478992,Y,N
2016-08-08,138506.45,35.11782073,Y,N
2016-08-09,132819.535,29.29351974,Y,N
2016-08-10,130616.67,22.41944079,Y,N
2016-08-11,138368.4,39.80646362,Y,N
2016-08-12,134885.67,41.09220007,Y,N
2016-08-13,120382.805,38.81095608,Y,N
2016-08-14,113066.245,33.06116,Y,N
2016-08-15,127906.24,39.83893843,Y,N
2016-08-16,124975.11,24.45390447,Y,N
2016-08-17,132561.22,40.89160699,Y,N
2016-08-18,123434.505,27.47109329,Y,N
2016-08-19,132569.74,27.60134081,Y,N
2016-08-20,121052.06,25.00246694,Y,N
2016-08-21,119118.545,38.91325563,Y,N
2016-08-22,139203.5,59.99534067,Y,N
2016-08-23,138640.39,73.18959371,Y,N
2016-08-24,141122.795,114.0039598,Y,N
2016-08-25,139724.025,74.66305514,Y,N
2016-08-26,139920.545,67.6277533,Y,N
2016-08-27,119573.22,31.80817961,Y,N
2016-08-28,114832.425,29.44768103,Y,N
2016-08-29,125055.69,39.1423789,Y,N
2016-08-30,133748.44,53.186931,Y,N
2016-08-31,128834.065,32.5590174,Y,N
2016-09-01,134246.165,46.80878786,Y,N
2016-09-02,135273.325,52.63679288,Y,N
2016-09-03,118621.96,35.27078286,Y,N
2016-09-04,110986.005,24.51210764,Y,N
2016-09-05,127275.815,38.21246963,Y,N
2016-09-06,129542.365,28.69264595,Y,N
2016-09-07,123307.02,24.18242139,Y,N
2016-09-08,117722.95,12.50431916,Y,N
2016-09-09,125432.605,23.40099927,Y,N
2016-09-10,111412.995,38.55990885,Y,N
2016-09-11,109125.215,50.34788201,Y,N
2016-09-12,130967.28,68.17720324,Y,N
2016-09-13,134720.155,62.06847556,Y,N
2016-09-14,130650.88,54.8405242,Y,N
2016-09-15,134234.45,42.81991758,Y,N
2016-09-16,131734.105,47.04374731,N,N
2016-09-17,106709.54,36.02869126,N,N
2016-09-18,110314.625,48.34486635,N,N
2016-09-19,127391.09,56.44254935,N,N
2016-09-20,122664.305,43.17737957,N,N
2016-09-21,127208.57,52.28283459,N,N
2016-09-22,131357.34,55.70187271,N,N
2016-09-23,127420.43,46.53870327,N,N
2016-09-24,106776.275,43.55659982,N,N
2016-09-25,105931.555,37.69847947,N,N
2016-09-26,124343.19,47.67147027,N,N
2016-09-27,126888.77,49.79450443,N,N
2016-09-28,121143.25,32.43171472,N,N
2016-09-29,122858.49,37.59600105,N,N
2016-09-30,113439.775,33.06369262,N,Y
2016-10-01,109181.26,20.48609587,N,N
2016-10-02,97992.93,13.65687019,N,N
2016-10-03,115839.01,21.60174363,N,N
2016-10-04,124089.47,23.00178132,Y,N
2016-10-05,128558.385,41.11513272,Y,N
2016-10-06,115898.54,30.1895728,Y,N
2016-10-07,116197.73,37.3391043,Y,N
2016-10-08,101300.775,35.21034382,Y,N
2016-10-09,94954.16,15.90301462,Y,N
2016-10-10,116831.43,27.65471777,Y,N
2016-10-11,124665.82,38.19994573,Y,N
2016-10-12,128612.3,44.77064554,Y,N
2016-10-13,128242.765,58.35308518,Y,N
2016-10-14,121731.485,43.9665066,Y,N
2016-10-15,97887.485,12.69832874,Y,N
2016-10-16,101793.035,22.02909542,Y,N
2016-10-17,116042.845,29.59668164,Y,N
2016-10-18,123265.44,36.72121271,Y,N
2016-10-19,126362.045,60.68302782,Y,N
2016-10-20,114867.16,27.42582623,Y,N
2016-10-21,122975.285,43.24473226,Y,N
2016-10-22,114184.195,38.71113076,Y,N
2016-10-23,111289,40.91855691,Y,N
2016-10-24,125270.165,66.51336615,Y,N
2016-10-25,117138.355,37.02214641,Y,N
2016-10-26,121605.395,55.41635284,Y,N
2016-10-27,120142.43,43.4805405,Y,N
2016-10-28,119820.71,54.50974512,Y,N
2016-10-29,104191.105,21.28564824,Y,N
2016-10-30,94325.72,6.869134505,Y,N
2016-10-31,110661.43,19.08090112,Y,N
2016-11-01,104976.21,17.41820196,Y,Y
2016-11-02,119904.48,46.64566901,Y,N
2016-11-03,118677.495,60.22104759,Y,N
2016-11-04,113666.485,25.9523502,Y,N
2016-11-05,101810.75,15.26468717,Y,N
2016-11-06,96934.925,24.15876196,Y,N
2016-11-07,116230.34,30.36705791,Y,N
2016-11-08,117794.595,53.92200303,Y,N
2016-11-09,122131.115,55.66220339,Y,N
2016-11-10,122634.53,48.70697146,Y,N
2016-11-11,117953.885,26.82398291,Y,N
2016-11-12,99907.32,10.83211626,Y,N
2016-11-13,96805.925,10.72564183,Y,N
2016-11-14,116817.15,39.49973783,Y,N
2016-11-15,119905.59,26.90838749,Y,N
2016-11-16,122146.66,35.63068442,Y,N
2016-11-17,122464.645,28.55507656,Y,N
2016-11-18,121441.05,31.77579932,Y,N
2016-11-19,106868.5,24.65599304,Y,N
2016-11-20,112098.335,43.08594969,Y,N
2016-11-21,138681.815,51.0352654,Y,N
2016-11-22,126617.72,37.02129178,Y,N
2016-11-23,118119.01,41.91226779,Y,N
2016-11-24,120308.545,38.05940327,Y,N
2016-11-25,116011.565,27.61649096,Y,N
2016-11-26,104700.055,23.79058297,Y,N
2016-11-27,102718.9,37.00394515,Y,N
2016-11-28,118666.37,65.39277902,Y,N
2016-11-29,119169.17,63.42996415,Y,N
2016-11-30,121067.59,76.02598021,Y,N
2016-12-01,113024.02,56.01230684,Y,N
2016-12-02,109318.355,41.49943678,Y,N
2016-12-03,98899.495,29.20305213,Y,N
2016-12-04,97300.36,43.73274195,Y,N
2016-12-05,109670,25.29438487,Y,N
2016-12-06,111228.06,48.41248781,Y,N
2016-12-07,112738.08,44.72205906,Y,N
2016-12-08,105445.65,25.85386173,Y,N
2016-12-09,105664.09,25.11819531,Y,N
2016-12-10,98622.865,19.31166859,Y,N
2016-12-11,93673.19,16.39668788,Y,N
2016-12-12,120390.11,45.15757294,Y,N
2016-12-13,128831.65,44.69302354,Y,N
2016-12-14,111423.765,19.91910633,Y,N
2016-12-15,107072.36,31.14530846,Y,N
2016-12-16,113698.06,48.8568848,Y,N
2016-12-17,90227.48,23.57623123,Y,N
2016-12-18,90911.085,26.49359939,Y,N
2016-12-19,109260.305,28.68483237,Y,N
2016-12-20,106451.255,16.12985685,N,N
2016-12-21,104389.51,21.34587505,N,N
2016-12-22,105513.235,20.97623583,N,N
2016-12-23,112247.945,24.32934519,N,N
2016-12-24,114843.875,34.69311119,N,N
2016-12-25,114468.17,28.64742992,N,N
2016-12-26,106284.83,22.91035559,N,Y
2016-12-27,99701.43,23.8135374,N,Y
2016-12-28,123693.52,40.28250982,N,N
2016-12-29,135571.795,47.14500558,N,N
2016-12-30,112141.83,24.06507765,N,N
2016-12-31,95728.15,17.59822922,N,N
2017-01-01,89403.145,25.8467611,N,Y
2017-01-02,86507.47,30.61870288,N,Y
2017-01-03,97564.745,28.68695469,N,N
2017-01-04,116606.795,56.97278071,N,N
2017-01-05,128079.845,73.45825987,N,N
2017-01-06,136308.735,97.69920084,N,N
2017-01-07,134955.02,77.60299799,N,N
2017-01-08,122777.025,69.22481073,N,N
2017-01-09,116211.99,68.09952522,N,N
2017-01-10,120366.32,72.81305685,N,N
2017-01-11,111595.855,65.74451094,N,N
2017-01-12,118783.945,70.49040546,N,N
2017-01-13,111341.675,70.01219456,N,N
2017-01-14,88996.625,42.29483485,N,N
2017-01-15,90294,55.44429634,N,N
2017-01-16,120928.705,108.1670628,N,N
2017-01-17,140517.65,129.2376575,N,N
2017-01-18,111211.35,75.16561944,N,N
2017-01-19,112371.41,62.88513035,N,N
2017-01-20,107937.685,38.99311604,N,N
2017-01-21,96779.07,46.47911443,N,N
2017-01-22,103291.61,60.78453185,N,N
2017-01-23,141332.055,79.11439769,N,N
2017-01-24,115664.16,59.81718215,N,N
2017-01-25,111936.7,58.87513245,N,N
2017-01-26,98590.06,37.84489775,N,Y
2017-01-27,112513.82,69.65718196,N,N
2017-01-28,108336.53,74.06254286,N,N
2017-01-29,109020.58,76.58688725,N,N
2017-01-30,124292.955,96.16858429,N,N
2017-01-31,112863.01,58.79126706,Y,N
2017-02-01,114133.73,66.86330309,Y,N
2017-02-02,110669.27,82.46801369,Y,N
2017-02-03,117452.27,87.11101457,Y,N
2017-02-04,117361.7,80.81731255,Y,N
2017-02-05,110384.275,113.8703652,Y,N
2017-02-06,108761.37,92.10179585,Y,N
2017-02-07,111543.81,69.06961085,Y,N
2017-02-08,142213.66,135.0612793,Y,N
2017-02-09,155060.61,156.6995615,Y,N
2017-02-10,138793.59,213.3394317,Y,N
2017-02-11,111983.51,97.6080054,Y,N
2017-02-12,89003.15,19.86511394,Y,N
2017-02-13,104844.105,69.04132793,Y,N
2017-02-14,111613.05,90.69389262,Y,N
2017-02-15,116299.39,79.04437965,Y,N
2017-02-16,119947.59,112.8870329,Y,N
2017-02-17,111885.97,93.73260963,Y,N
2017-02-18,95623.35,49.81815886,Y,N
2017-02-19,91280.025,53.12020553,Y,N
2017-02-20,105341.865,93.72670141,Y,N
2017-02-21,112351.47,103.2484286,Y,N
2017-02-22,116690.17,78.05783525,Y,N
2017-02-23,117948.685,102.3617733,Y,N
2017-02-24,111229.52,98.21079741,Y,N
2017-02-25,95046.905,45.60929044,Y,N
2017-02-26,100495.615,56.02642017,Y,N
2017-02-27,131090.775,96.55007159,Y,N
2017-02-28,140167.5,99.94563946,Y,N
2017-03-01,137291.97,86.00399901,Y,N
2017-03-02,127633.275,85.49844546,Y,N
2017-03-03,124311.33,73.92929944,Y,N
2017-03-04,116083.295,77.59564369,Y,N
2017-03-05,103539.02,45.4607457,Y,N
2017-03-06,116447.855,56.63414738,Y,N
2017-03-07,117931.46,57.516139,Y,N
2017-03-08,124370.765,73.92313207,Y,N
2017-03-09,129649.25,83.88968655,Y,N
2017-03-10,125346.075,82.03453762,Y,N
2017-03-11,108816.81,50.76232609,Y,N
2017-03-12,102617.51,42.48056056,Y,N
2017-03-13,104468.9,66.84372206,Y,Y
2017-03-14,133227.785,101.4423563,Y,N
2017-03-15,139672.835,102.0122176,Y,N
2017-03-16,124255.975,87.89402085,Y,N
2017-03-17,111612.075,70.74607288,Y,N
2017-03-18,107731.78,68.87709703,Y,N
2017-03-19,113593.82,121.1220102,Y,N
2017-03-20,131980.985,184.8234791,Y,N
2017-03-21,127625.365,112.9036926,Y,N
2017-03-22,114696.37,77.00028631,Y,N
2017-03-23,111632.835,97.82305958,Y,N
2017-03-24,115411.41,118.4496111,Y,N
2017-03-25,107465.98,138.7947558,Y,N
2017-03-26,104189.1,147.4805929,Y,N
2017-03-27,116237.22,118.5621993,Y,N
2017-03-28,111032.975,121.9056323,Y,N
2017-03-29,109640.33,133.7982653,Y,N
2017-03-30,107491.87,115.1902122,Y,N
2017-03-31,110662.245,145.2190605,N,N
2017-04-01,97402.265,99.24918178,N,N
2017-04-02,94477.095,92.91573517,N,N
2017-04-03,107895.525,106.4521598,N,N
2017-04-04,113138.67,122.6614787,N,N
2017-04-05,114191.35,142.2804267,N,N
2017-04-06,114817.305,126.1819875,N,N
2017-04-07,110160.025,101.330421,N,N
2017-04-08,99084.74,95.86797769,N,N
2017-04-09,96041.895,74.59163318,N,N
2017-04-10,113287.055,111.8004887,N,N
2017-04-11,114159.965,130.0368734,N,N
2017-04-12,114335.995,126.572879,N,N
2017-04-13,112704.045,117.5356502,N,N
2017-04-14,97436.41,109.7650221,N,Y
2017-04-15,99608.57,116.7828491,N,Y
2017-04-16,96594.745,95.64640701,N,Y
2017-04-17,99945.495,104.5781895,N,Y
2017-04-18,111955.175,112.8247059,N,N
2017-04-19,114436.97,101.3145524,Y,N
2017-04-20,112816.68,104.0781031,Y,N
2017-04-21,114522.44,133.2265993,Y,N
2017-04-22,102528.4,111.6671228,Y,N
2017-04-23,97356.565,90.72665105,Y,N
2017-04-24,109421.815,113.2589368,Y,N
2017-04-25,101548.735,86.79007255,Y,Y
2017-04-26,116795.245,100.6986846,Y,N
2017-04-27,126329.53,145.6827349,Y,N
2017-04-28,120144.19,120.8095221,Y,N
2017-04-29,104864.05,100.81967,Y,N
2017-04-30,103756.535,109.5772954,Y,N
2017-05-01,115103.775,99.15947403,Y,N
2017-05-02,120718.64,109.9227693,Y,N
2017-05-03,129196.445,128.6399556,Y,N
2017-05-04,127260.05,123.4720662,Y,N
2017-05-05,123150.385,108.2886014,Y,N
2017-05-06,105013.07,81.77832735,Y,N
2017-05-07,107424.07,104.9084029,Y,N
2017-05-08,125858.27,132.9735336,Y,N
2017-05-09,126760.71,138.9914155,Y,N
2017-05-10,125747.735,149.6227486,Y,N
2017-05-11,128753.13,170.2926448,Y,N
2017-05-12,123523,129.309377,Y,N
2017-05-13,109477.42,130.3168298,Y,N
2017-05-14,107497.03,126.9174946,Y,N
2017-05-15,125871.915,134.6420324,Y,N
2017-05-16,127820.715,128.3149076,Y,N
2017-05-17,125072.675,123.8345994,Y,N
2017-05-18,122910.48,107.8423351,Y,N
2017-05-19,123351.45,96.44024977,Y,N
2017-05-20,109111.615,88.1358791,Y,N
2017-05-21,105912.16,76.78217982,Y,N
2017-05-22,113551.04,72.93148803,Y,N
2017-05-23,119127.205,96.83763464,Y,N
2017-05-24,121571.97,103.2410383,Y,N
2017-05-25,124010.03,108.5190134,Y,N
2017-05-26,123130.6,94.69622997,Y,N
2017-05-27,104643.675,60.86010195,Y,N
2017-05-28,110029.55,72.34164142,Y,N
2017-05-29,130516.1,96.084781,Y,N
2017-05-30,132762.38,95.71447434,Y,N
2017-05-31,139030.795,120.6492316,Y,N
2017-06-01,140202.735,113.3116143,Y,N
2017-06-02,136856.8,96.83774741,Y,N
2017-06-03,122161.405,107.2457298,Y,N
2017-06-04,118953.95,109.7429759,Y,N
2017-06-05,132877.45,101.1322774,Y,N
2017-06-06,133274.53,97.89246038,Y,N
2017-06-07,136116.12,105.6961681,Y,N
2017-06-08,139511.78,110.1268719,Y,N
2017-06-09,130994.54,99.97713568,Y,N
2017-06-10,120698.915,97.62212413,Y,N
2017-06-11,113374.465,87.88338857,Y,N
2017-06-12,117691.685,101.7060988,Y,Y
2017-06-13,135184.95,109.9512443,Y,N
2017-06-14,136253.42,93.58978215,Y,N
2017-06-15,135303.255,102.837272,Y,N
2017-06-16,135269.635,107.362224,Y,N
2017-06-17,121178.68,104.2875868,Y,N
2017-06-18,116112.74,93.61692763,Y,N
2017-06-19,134925.74,95.96949334,Y,N
2017-06-20,131996.97,85.79783203,Y,N
2017-06-21,139814.3,106.9667247,Y,N
2017-06-22,140348.57,94.85896751,Y,N
2017-06-23,132029.575,80.26993871,Y,N
2017-06-24,122393.325,84.97094445,Y,N
2017-06-25,118103.865,72.87051538,Y,N
2017-06-26,138040.38,104.3154945,Y,N
2017-06-27,144526.63,100.1993406,Y,N
2017-06-28,141351.895,98.53810322,Y,N
2017-06-29,138124.06,102.5250395,Y,N
2017-06-30,139275.775,124.6840444,N,N
2017-07-01,125949.5,114.7570772,N,N
2017-07-02,120137.45,110.1092823,N,N
2017-07-03,139765.32,150.612766,N,N
2017-07-04,134029.805,132.5455181,N,N
2017-07-05,134084.665,146.1761256,N,N
2017-07-06,137899.715,141.6793728,N,N
2017-07-07,134078.07,131.2653815,N,N
2017-07-08,123687.97,129.135411,N,N
2017-07-09,116064.03,115.1296024,N,N
2017-07-10,133132.325,123.9739271,N,N
2017-07-11,137352.78,148.6794952,N,N
2017-07-12,138152.105,117.9532423,N,N
2017-07-13,134622.39,106.1487634,N,N
2017-07-14,131387.745,111.3949826,N,N
2017-07-15,124486.695,136.1065517,N,N
2017-07-16,119927.64,102.1491373,N,N
2017-07-17,131868.24,99.85163753,N,N
2017-07-18,136121.835,109.9969729,Y,N
2017-07-19,133906.26,109.5605504,Y,N
2017-07-20,139316.29,133.736501,Y,N
2017-07-21,140073.895,130.1927109,Y,N
2017-07-22,122397.13,91.65608062,Y,N
2017-07-23,118007.665,107.8923323,Y,N
2017-07-24,136330.59,122.6544774,Y,N
2017-07-25,129699.265,113.0336114,Y,N
2017-07-26,133198.34,117.2808433,Y,N
2017-07-27,136003.915,117.3154738,Y,N
2017-07-28,130432.05,111.3069682,Y,N
2017-07-29,111331.235,93.45310086,Y,N
2017-07-30,107580.495,91.41616627,Y,N
2017-07-31,132276.88,137.4766901,Y,N
2017-08-01,137617.88,137.9754246,Y,N
2017-08-02,140729.185,113.4923335,Y,N
2017-08-03,151355.43,169.2338271,Y,N
2017-08-04,141647.895,110.3517269,Y,N
2017-08-05,116696.455,82.76667325,Y,N
2017-08-06,117351.14,86.20220241,Y,N
2017-08-07,138963.175,111.4890145,Y,N
2017-08-08,139108.435,111.5513751,Y,N
2017-08-09,130044.375,105.283102,Y,N
2017-08-10,122361.925,86.91654833,Y,N
2017-08-11,122862.345,78.92563543,Y,N
2017-08-12,113669.45,77.12359093,Y,N
2017-08-13,106274.56,68.29417174,Y,N
2017-08-14,121533.955,101.399598,Y,N
2017-08-15,127193.3,99.0861742,Y,N
2017-08-16,121445.38,72.16481732,Y,N
2017-08-17,129223.805,73.71456005,Y,N
2017-08-18,133562.985,92.10754493,Y,N
2017-08-19,124852.67,97.96893516,Y,N
2017-08-20,119798.995,92.81587829,Y,N
2017-08-21,140410.295,108.906684,Y,N
2017-08-22,133809.455,107.9380963,Y,N
2017-08-23,133056.82,106.6475104,Y,N
2017-08-24,135619.94,118.9186938,Y,N
2017-08-25,133666.575,120.1723289,Y,N
2017-08-26,117444.1,93.65754189,Y,N
2017-08-27,115177.935,93.11747779,Y,N
2017-08-28,139414.495,163.4092605,Y,N
2017-08-29,139814.04,143.84804,Y,N
2017-08-30,137513.465,118.2950765,Y,N
2017-08-31,133982.255,115.4257008,Y,N
2017-09-01,128707.425,102.2781632,Y,N
2017-09-02,114098.115,89.32991678,Y,N
2017-09-03,103964.33,67.07312753,Y,N
2017-09-04,128001.055,93.82662098,Y,N
2017-09-05,137696.67,95.60201814,Y,N
2017-09-06,134819.945,101.0173763,Y,N
2017-09-07,133405.72,93.02525491,Y,N
2017-09-08,132543.1,102.4160808,Y,N
2017-09-09,120454.01,96.91024413,Y,N
2017-09-10,114584.065,91.88390937,Y,N
2017-09-11,127169.03,86.68557783,Y,N
2017-09-12,130906.89,94.77296866,Y,N
2017-09-13,127192.315,88.36193594,Y,N
2017-09-14,131986.805,89.57361118,Y,N
2017-09-15,128761.605,89.23620112,Y,N
2017-09-16,111301.56,89.60758713,Y,N
2017-09-17,104766,75.50959889,Y,N
2017-09-18,115123.54,79.7834479,Y,N
2017-09-19,124033.955,92.37276862,Y,N
2017-09-20,123461.38,82.59561088,Y,N
2017-09-21,119309.93,74.95776902,Y,N
2017-09-22,116611.25,75.28911916,N,N
2017-09-23,101012.29,63.0173962,N,N
2017-09-24,92608.24,43.1973476,N,N
2017-09-25,119126.485,71.24106571,N,N
2017-09-26,124452.94,79.80022526,N,N
2017-09-27,119028.07,72.5455091,N,N
2017-09-28,116655.855,61.64955658,N,N
2017-09-29,102847.255,42.63467565,N,Y
2017-09-30,100701.82,47.30994353,N,N
2017-10-01,103556.74,58.98962758,N,N
2017-10-02,119226.42,74.49715829,N,N
2017-10-03,118856.415,79.05914605,N,N
2017-10-04,114604.62,71.10873323,N,N
2017-10-05,113134.58,65.31573626,N,N
2017-10-06,118359.28,53.42903945,N,N
2017-10-07,101974.595,38.89411226,N,N
2017-10-08,97053.545,56.16035213,N,N
2017-10-09,111432.365,68.87949682,N,N
2017-10-10,116556.425,77.45230854,Y,N
2017-10-11,114133.54,55.55322179,Y,N
2017-10-12,113957.735,56.95927733,Y,N
2017-10-13,117048.725,83.75674609,Y,N
2017-10-14,102037.165,85.40388327,Y,N
2017-10-15,98108.815,71.60289058,Y,N
2017-10-16,115907.395,84.01322671,Y,N
2017-10-17,117470.22,76.51584579,Y,N
2017-10-18,121087.1,92.33412136,Y,N
2017-10-19,118201.175,80.3767171,Y,N
2017-10-20,108412.665,72.71584684,Y,N
2017-10-21,102195.975,73.10833941,Y,N
2017-10-22,100571.04,76.32822257,Y,N
2017-10-23,115549.435,90.67566504,Y,N
2017-10-24,118010.31,91.93047541,Y,N
2017-10-25,115813.03,98.04241531,Y,N
2017-10-26,117333.445,89.91123068,Y,N
2017-10-27,112633.265,78.66088236,Y,N
2017-10-28,100746.42,81.09446701,Y,N
2017-10-29,92182.955,61.46252749,Y,N
2017-10-30,112227.65,77.42179007,Y,N
2017-10-31,116179.47,86.95725767,Y,N
2017-11-01,116632.09,87.02754256,Y,N
2017-11-02,120470.785,87.51016268,Y,N
2017-11-03,113451.995,76.92584895,Y,N
2017-11-04,101610.815,78.73458189,Y,N
2017-11-05,95368.165,77.63660268,Y,N
2017-11-06,104632.79,80.93422103,Y,N
2017-11-07,100592.295,78.3177663,Y,Y
2017-11-08,111738.485,90.99575509,Y,N
2017-11-09,113539.935,85.58259467,Y,N
2017-11-10,115156.445,92.61553695,Y,N
2017-11-11,104194.345,83.49493924,Y,N
2017-11-12,98774.235,73.95006482,Y,N
2017-11-13,125795.84,102.5536814,Y,N
2017-11-14,135420.82,94.73168487,Y,N
2017-11-15,130385.05,90.97415977,Y,N
2017-11-16,116715.965,88.81610737,Y,N
2017-11-17,117797.62,99.44627676,Y,N
2017-11-18,106730.21,89.77027766,Y,N
2017-11-19,101256.78,81.88131427,Y,N
2017-11-20,128658.27,131.3009413,Y,N
2017-11-21,137151.495,152.7547663,Y,N
2017-11-22,138882.25,116.8798367,Y,N
2017-11-23,135162.115,105.2716657,Y,N
2017-11-24,133951.29,116.5617909,Y,N
2017-11-25,121219.595,99.01042074,Y,N
2017-11-26,108717.875,83.11451412,Y,N
2017-11-27,115429.005,84.60892315,Y,N
2017-11-28,129798.47,130.5019687,Y,N
2017-11-29,151730.95,166.5526468,Y,N
2017-11-30,154632.335,131.4914339,Y,N
2017-12-01,125141.9,87.15229595,Y,N
2017-12-02,99234.22,66.25585865,Y,N
2017-12-03,92487.705,67.75806637,Y,N
2017-12-04,111625.98,84.04175782,Y,N
2017-12-05,113063.675,82.84205791,Y,N
2017-12-06,115383.13,89.56405055,Y,N
2017-12-07,115736.97,102.5919318,Y,N
2017-12-08,109568.47,87.46772198,Y,N
2017-12-09,99334.8,82.98083753,Y,N
2017-12-10,97715.01,81.0891636,Y,N
2017-12-11,114680.185,97.60539576,Y,N
2017-12-12,121945.175,104.9958379,Y,N
2017-12-13,146933.095,94.49815198,Y,N
2017-12-14,129280.81,101.8652498,Y,N
2017-12-15,120821.055,105.4358596,Y,N
2017-12-16,110154.36,99.47541633,Y,N
2017-12-17,107212.84,82.04932328,Y,N
2017-12-18,138949.675,117.2653843,Y,N
2017-12-19,142870.395,106.4977263,Y,N
2017-12-20,114916.99,78.73760078,Y,N
2017-12-21,114462.53,85.77543165,Y,N
2017-12-22,116428.79,81.598863,N,N
2017-12-23,109364.01,79.89884834,N,N
2017-12-24,92856.23,58.93911386,N,N
2017-12-25,85094.375,44.90030063,N,Y
2017-12-26,98638.855,72.84524212,N,Y
2017-12-27,128753.755,113.6548037,N,N
2017-12-28,130699.155,109.4926892,N,N
2017-12-29,115572.045,93.83408893,N,N
2017-12-30,96358.975,59.47516902,N,N
2017-12-31,95700.48,61.49347092,N,N
2018-01-01,95959.685,71.8177473,N,Y
2018-01-02,105277.85,69.38772963,N,N
2018-01-03,106373.825,67.23811677,N,N
2018-01-04,113337.685,78.7381874,N,N
2018-01-05,123247.735,90.82817034,N,N
2018-01-06,133705.845,75.59138621,N,N
2018-01-07,107142.815,80.97604617,N,N
2018-01-08,118832.07,87.93157864,N,N
2018-01-09,111361.05,76.71739452,N,N
2018-01-10,116530.04,80.21227444,N,N
2018-01-11,139607.905,87.80265805,N,N
2018-01-12,132022.87,94.00071925,N,N
2018-01-13,98977.05,73.27654592,N,N
2018-01-14,92021.68,66.65958191,N,N
2018-01-15,109389.095,86.37851455,N,N
2018-01-16,116074.03,92.83687768,N,N
2018-01-17,129286.365,100.2774263,N,N
2018-01-18,154648.065,1210.13792,N,N
2018-01-19,165070.595,647.5741634,N,N
2018-01-20,124825.025,94.10481486,N,N
2018-01-21,127305.2,121.7119723,N,N
2018-01-22,137955.425,115.1294838,N,N
2018-01-23,128314.47,102.3741093,N,N
2018-01-24,128899.765,103.427874,N,N
2018-01-25,139245.21,155.5028059,N,N
2018-01-26,128599.46,91.43489281,N,Y
2018-01-27,139114.585,104.878878,N,N
2018-01-28,159436.69,290.419644,N,N
2018-01-29,160437.565,107.6574249,N,N
2018-01-30,115239.57,78.57443881,N,N
2018-01-31,108524.18,65.21755805,Y,N
2018-02-01,109949.21,72.41222981,Y,N
2018-02-02,112946.34,80.45435373,Y,N
2018-02-03,104947.325,86.51700791,Y,N
2018-02-04,106065.935,98.92184656,Y,N
2018-02-05,126465.96,103.8301928,Y,N
2018-02-06,137539.725,104.2296312,Y,N
2018-02-07,159307.315,624.2609343,Y,N
2018-02-08,149473.01,106.6526349,Y,N
2018-02-09,137101.87,113.7060807,Y,N
2018-02-10,118113.8,83.52152692,Y,N
2018-02-11,100440.29,66.27235744,Y,N
2018-02-12,116209.13,93.17393574,Y,N
2018-02-13,124882.715,99.60943335,Y,N
2018-02-14,115269.5,72.04642836,Y,N
2018-02-15,117260.245,83.18774095,Y,N
2018-02-16,114736.355,86.83534632,Y,N
2018-02-17,105799.935,82.75830709,Y,N
2018-02-18,105085.515,77.33761623,Y,N
2018-02-19,113116.425,74.67782818,Y,N
2018-02-20,120035.385,78.80051783,Y,N
2018-02-21,124481.415,84.55573944,Y,N
2018-02-22,133607.065,88.84783879,Y,N
2018-02-23,136328.345,85.71319638,Y,N
2018-02-24,119226.435,75.07065351,Y,N
2018-02-25,96305.07,55.99939481,Y,N
2018-02-26,117952.365,76.80551434,Y,N
2018-02-27,127894.285,73.63540059,Y,N
2018-02-28,123400.17,69.09284173,Y,N
2018-03-01,117346.26,78.60161635,Y,N
2018-03-02,119960.33,91.86653114,Y,N
2018-03-03,111096.305,80.62405226,Y,N
2018-03-04,101334.2,72.59906688,Y,N
2018-03-05,112527.285,70.61555772,Y,N
2018-03-06,113850.81,61.35468536,Y,N
2018-03-07,122717.5,73.26754588,Y,N
2018-03-08,128732.59,94.57427046,Y,N
2018-03-09,127805.485,99.17049915,Y,N
2018-03-10,120398.885,91.9884432,Y,N
2018-03-11,104486.18,74.15265258,Y,N
2018-03-12,97542.31,63.45220472,Y,Y
2018-03-13,112663.625,77.09496678,Y,N
2018-03-14,114195.35,97.28174892,Y,N
2018-03-15,116045.27,101.6909409,Y,N
2018-03-16,116284.345,92.59423224,Y,N
2018-03-17,110715.12,75.22999429,Y,N
2018-03-18,97262.705,62.87276065,Y,N
2018-03-19,111617.945,77.17016536,Y,N
2018-03-20,110794.26,72.75516331,Y,N
2018-03-21,111254.315,71.19834535,Y,N
2018-03-22,115020.505,77.2804276,Y,N
2018-03-23,119298.325,78.64044241,Y,N
2018-03-24,112312.695,71.96661907,Y,N
2018-03-25,98918.515,40.2567047,Y,N
2018-03-26,112488.215,70.83068032,Y,N
2018-03-27,116809.365,64.5691959,Y,N
2018-03-28,117744.005,72.11195577,Y,N
2018-03-29,116457.26,79.36508194,N,N
2018-03-30,97070.345,69.45286966,N,Y
2018-03-31,99687.64,81.4067717,N,Y
2018-04-01,98817.03,73.9678419,N,Y
2018-04-02,98258.25,62.41010124,N,Y
2018-04-03,113381.53,80.11073706,N,N
2018-04-04,115974.61,90.0737408,N,N
2018-04-05,117551.695,86.89192959,N,N
2018-04-06,115979.07,85.68790461,N,N
2018-04-07,105938.475,84.8974312,N,N
2018-04-08,100571.165,58.23872152,N,N
2018-04-09,118702.925,91.69364451,N,N
2018-04-10,122423.01,76.33364802,N,N
2018-04-11,121944.995,75.04094506,N,N
2018-04-12,119876.63,77.71452371,N,N
2018-04-13,113609.76,69.76320109,N,N
2018-04-14,105135.305,37.74139841,N,N
2018-04-15,104123.39,31.68232539,N,N
2018-04-16,115694.64,69.36093257,N,N
2018-04-17,121092.855,86.53439286,Y,N
2018-04-18,120784.875,82.879098,Y,N
2018-04-19,120448.935,93.53314282,Y,N
2018-04-20,118324.09,95.73201718,Y,N
2018-04-21,107479.26,74.43968926,Y,N
2018-04-22,103662.05,76.31824515,Y,N
2018-04-23,117799.97,72.74094732,Y,N
2018-04-24,117642.645,88.09094154,Y,N
2018-04-25,106654.955,77.46186644,Y,Y
2018-04-26,117617.51,82.43349185,Y,N
2018-04-27,119079.465,78.21485418,Y,N
2018-04-28,108613.38,70.00039141,Y,N
2018-04-29,105277.715,64.15897472,Y,N
2018-04-30,121551.685,77.96915056,Y,N
2018-05-01,122642.235,73.97482022,Y,N
2018-05-02,118716.595,67.27490234,Y,N
2018-05-03,117357.835,52.76831167,Y,N
2018-05-04,116870.46,54.639356,Y,N
2018-05-05,106892.995,58.57488525,Y,N
2018-05-06,105840.39,61.89517764,Y,N
2018-05-07,118254.555,49.41762224,Y,N
2018-05-08,122876.865,101.2917412,Y,N
2018-05-09,122721.46,127.5907803,Y,N
2018-05-10,128518.505,62.88102341,Y,N
2018-05-11,133467.37,63.67306972,Y,N
2018-05-12,111273.755,62.66221491,Y,N
2018-05-13,108729.71,65.51000398,Y,N
2018-05-14,129885.955,111.6666324,Y,N
2018-05-15,131900.52,97.88032901,Y,N
2018-05-16,133399.23,124.0856314,Y,N
2018-05-17,131757.155,108.9515501,Y,N
2018-05-18,127353.575,96.16165639,Y,N
2018-05-19,119262.145,93.62343477,Y,N
2018-05-20,112349.26,78.28073546,Y,N
2018-05-21,124046.805,82.72297125,Y,N
2018-05-22,126922.995,91.62118213,Y,N
2018-05-23,129352.83,118.6907459,Y,N
2018-05-24,129553.94,99.48806096,Y,N
2018-05-25,127957.57,92.9895292,Y,N
2018-05-26,115384.085,74.74674107,Y,N
2018-05-27,106044.51,54.18703142,Y,N
2018-05-28,119360.265,70.1715574,Y,N
2018-05-29,123142.76,81.97839952,Y,N
2018-05-30,127830.62,82.53594402,Y,N
2018-05-31,131159.945,90.35783775,Y,N
2018-06-01,135864.065,101.4128802,Y,N
2018-06-02,123226.075,99.85347925,Y,N
2018-06-03,121177.585,91.04372963,Y,N
2018-06-04,135385.41,120.2520374,Y,N
2018-06-05,132975.13,105.8039052,Y,N
2018-06-06,132038.425,106.2306746,Y,N
2018-06-07,128577.63,87.71079113,Y,N
2018-06-08,129910.015,130.0827333,Y,N
2018-06-09,120232.195,110.6732404,Y,N
2018-06-10,117037.865,75.51946753,Y,N
2018-06-11,113420.985,56.39994652,Y,Y
2018-06-12,127261.295,78.29441631,Y,N
2018-06-13,131574.605,84.57953272,Y,N
2018-06-14,130544.485,72.49179642,Y,N
2018-06-15,133009.01,74.90558581,Y,N
2018-06-16,124351.235,81.80076688,Y,N
2018-06-17,120785.595,62.27267155,Y,N
2018-06-18,138518.735,112.5014975,Y,N
2018-06-19,143830.12,110.0561904,Y,N
2018-06-20,141305.88,91.28934192,Y,N
2018-06-21,143542.02,141.5569781,Y,N
2018-06-22,140296.4,131.5621328,Y,N
2018-06-23,132165.425,98.83636551,Y,N
2018-06-24,125850.58,95.15597072,Y,N
2018-06-25,141972.715,120.2781698,Y,N
2018-06-26,142842.4,102.3492036,Y,N
2018-06-27,148100.13,102.4178146,Y,N
2018-06-28,150445.47,112.8005434,Y,N
2018-06-29,139188.48,78.80664274,N,N
2018-06-30,125394.425,72.96367256,N,N
2018-07-01,124313.07,83.37499237,N,N
2018-07-02,140713.255,87.32429509,N,N
2018-07-03,135759.275,64.59208889,N,N
2018-07-04,128580.975,57.00809903,N,N
2018-07-05,125861.6,52.74356752,N,N
2018-07-06,124242.52,52.97184575,N,N
2018-07-07,119717.435,45.21171494,N,N
2018-07-08,114562.215,47.89162306,N,N
2018-07-09,133874.475,80.82555675,N,N
2018-07-10,140342.995,94.62388585,N,N
2018-07-11,143461.125,81.95251914,N,N
2018-07-12,145767.1,111.8205168,N,N
2018-07-13,140542.95,104.6546578,N,N
2018-07-14,124491.53,85.80095082,N,N
2018-07-15,119464.315,67.79090994,N,N
2018-07-16,137446.75,87.63465708,N,N
2018-07-17,131367.09,71.11637388,Y,N
2018-07-18,132856.72,72.33715337,Y,N
2018-07-19,133778.445,83.93095962,Y,N
2018-07-20,135728.405,88.90871173,Y,N
2018-07-21,125928.62,91.69945598,Y,N
2018-07-22,114186.8,73.13566324,Y,N
2018-07-23,134664.655,80.3554361,Y,N
2018-07-24,132967.19,71.11529432,Y,N
2018-07-25,135308.295,76.47250325,Y,N
2018-07-26,137634.125,86.40659409,Y,N
2018-07-27,130119.5,71.86981662,Y,N
2018-07-28,116942.94,57.98204775,Y,N
2018-07-29,111555,29.41428267,Y,N
2018-07-30,135422.135,60.04030816,Y,N
2018-07-31,129519.995,60.90555224,Y,N
2018-08-01,134004.96,78.76164185,Y,N
2018-08-02,129025,68.07737227,Y,N
2018-08-03,129740.315,79.40708144,Y,N
2018-08-04,116238.175,44.88904487,Y,N
2018-08-05,104912.38,37.44398417,Y,N
2018-08-06,127198.78,83.71209075,Y,N
2018-08-07,131851.015,75.54124144,Y,N
2018-08-08,131939.5,89.6868364,Y,N
2018-08-09,135670.99,82.76084698,Y,N
2018-08-10,121875.355,58.05035802,Y,N
2018-08-11,119988.735,64.60234253,Y,N
2018-08-12,115231.85,48.78894063,Y,N
2018-08-13,127541.57,79.75906696,Y,N
2018-08-14,121073.45,69.12775118,Y,N
2018-08-15,122602.115,67.79660476,Y,N
2018-08-16,131137.065,95.26710489,Y,N
2018-08-17,125189.54,77.61776722,Y,N
2018-08-18,116571.26,38.30114714,Y,N
2018-08-19,119707.93,50.44694847,Y,N
2018-08-20,138918.385,102.3388107,Y,N
2018-08-21,138424.25,119.2284324,Y,N
2018-08-22,136240.845,104.8161592,Y,N
2018-08-23,131956.725,89.57937056,Y,N
2018-08-24,130210.94,97.46784435,Y,N
2018-08-25,116471.775,118.4878363,Y,N
2018-08-26,111436.265,105.4622088,Y,N
2018-08-27,131280.85,105.0118031,Y,N
2018-08-28,139563.095,119.8230737,Y,N
2018-08-29,136032.16,118.3790102,Y,N
2018-08-30,139752.545,97.16641883,Y,N
2018-08-31,130466.915,122.4259917,Y,N
2018-09-01,116344.565,104.0260614,Y,N
2018-09-02,118402.905,137.1315117,Y,N
2018-09-03,131448.995,139.5163849,Y,N
2018-09-04,128192.085,119.5743436,Y,N
2018-09-05,118307.155,111.5407535,Y,N
2018-09-06,116467.37,138.9075384,Y,N
2018-09-07,123583.52,161.5068282,Y,N
2018-09-08,109948.615,109.2937712,Y,N
2018-09-09,107838.95,67.61559125,Y,N
2018-09-10,123132.625,92.61598256,Y,N
2018-09-11,111096.53,67.33325215,Y,N
2018-09-12,112935.04,83.69489207,Y,N
2018-09-13,117880.565,84.9782786,Y,N
2018-09-14,111213.15,35.22426294,Y,N
2018-09-15,108632.355,14.67358758,Y,N
2018-09-16,113030.005,81.63761772,Y,N
2018-09-17,118208.24,70.68530394,Y,N
2018-09-18,119622.285,85.45246864,Y,N
2018-09-19,123787.77,101.0040489,Y,N
2018-09-20,125335.57,115.429534,Y,N
2018-09-21,120372.48,110.8134668,N,N
2018-09-22,107731.72,83.49359318,N,N
2018-09-23,107332.1,79.78001757,N,N
2018-09-24,119535.715,93.75513083,N,N
2018-09-25,124797.085,118.656356,N,N
2018-09-26,119238.345,120.8612104,N,N
2018-09-27,110878.67,99.28699725,N,N
2018-09-28,108622.42,90.21299546,N,Y
2018-09-29,109315.065,86.16408643,N,N
2018-09-30,106236.23,86.88451641,N,N
2018-10-01,114466.64,111.1212712,N,N
2018-10-02,114458.205,104.9424003,N,N
2018-10-03,115490.835,122.0868375,N,N
2018-10-04,115294.12,97.49945575,N,N
2018-10-05,112576.545,105.2909812,N,N
2018-10-06,102988.145,100.1029263,N,N
2018-10-07,100476.705,87.87165422,N,N
2018-10-08,113945.5,87.10126161,N,N
2018-10-09,116449.31,99.00074936,Y,N
2018-10-10,109551.08,73.53969761,Y,N
2018-10-11,110432.33,85.63040854,Y,N
2018-10-12,110457.335,88.47236457,Y,N
2018-10-13,96584.745,74.61660015,Y,N
2018-10-14,90918.615,56.86416434,Y,N
2018-10-15,108070.275,79.18245441,Y,N
2018-10-16,113889.41,89.02524597,Y,N
2018-10-17,112592.26,122.20067,Y,N
2018-10-18,112806.585,165.7797098,Y,N
2018-10-19,107940.16,101.6603803,Y,N
2018-10-20,99368.855,96.29224204,Y,N
2018-10-21,98427.53,81.92092442,Y,N
2018-10-22,105893.615,84.17539042,Y,N
2018-10-23,109241.565,90.93533587,Y,N
2018-10-24,111423.365,93.34475257,Y,N
2018-10-25,112414.39,115.427252,Y,N
2018-10-26,111145.12,111.2042443,Y,N
2018-10-27,97973.985,98.83226708,Y,N
2018-10-28,95624.015,110.2151781,Y,N
2018-10-29,110196.615,142.3380601,Y,N
2018-10-30,113459.025,149.0806203,Y,N
2018-10-31,114402.745,121.6154276,Y,N
2018-11-01,119350.665,101.7889277,Y,N
2018-11-02,116793.855,79.01902017,Y,N
2018-11-03,93859.285,74.72966509,Y,N
2018-11-04,96432.625,90.90147276,Y,N
2018-11-05,107014.075,104.6322227,Y,N
2018-11-06,100696.565,115.778035,Y,Y
2018-11-07,106387.195,95.56956477,Y,N
2018-11-08,109430.37,91.88451742,Y,N
2018-11-09,112506.95,101.7347422,Y,N
2018-11-10,100203.55,86.72527139,Y,N
2018-11-11,94602.89,76.6722044,Y,N
2018-11-12,114159.595,105.4518321,Y,N
2018-11-13,120185.265,111.5733647,Y,N
2018-11-14,116487.58,119.6247227,Y,N
2018-11-15,108628.34,96.50196575,Y,N
2018-11-16,107405.925,97.76708195,Y,N
2018-11-17,90498.92,83.26708138,Y,N
2018-11-18,92043.13,89.24819359,Y,N
2018-11-19,113978.535,104.471263,Y,N
2018-11-20,118330.625,110.715976,Y,N
2018-11-21,106618.195,100.4282531,Y,N
2018-11-22,107278.83,77.20890254,Y,N
2018-11-23,113582.6,93.52890647,Y,N
2018-11-24,101352.12,110.5056773,Y,N
2018-11-25,96240.41,116.4628124,Y,N
2018-11-26,110547.605,112.209263,Y,N
2018-11-27,109706.42,109.7616976,Y,N
2018-11-28,106684.825,98.17826,Y,N
2018-11-29,112586.74,116.3293321,Y,N
2018-11-30,110031.82,106.2941526,Y,N
2018-12-01,100725.24,71.1047405,Y,N
2018-12-02,88903.065,24.45538203,Y,N
2018-12-03,107666.305,71.12619871,Y,N
2018-12-04,111718.075,92.94554896,Y,N
2018-12-05,114225.12,86.81499911,Y,N
2018-12-06,135452.26,125.3081084,Y,N
2018-12-07,156648.405,177.8618168,Y,N
2018-12-08,121237.47,113.367033,Y,N
2018-12-09,102161.115,80.18878765,Y,N
2018-12-10,110803.765,95.22572314,Y,N
2018-12-11,114413.785,118.6444142,Y,N
2018-12-12,129715.465,199.184327,Y,N
2018-12-13,114986.33,101.8597212,Y,N
2018-12-14,110025.465,92.95802927,Y,N
2018-12-15,102577.145,101.632949,Y,N
2018-12-16,99110.775,101.4492327,Y,N
2018-12-17,112804.4,101.4038885,Y,N
2018-12-18,113485.105,104.7225562,Y,N
2018-12-19,119907.245,117.7077224,Y,N
2018-12-20,111880.525,75.55546269,Y,N
2018-12-21,102075.925,65.93243797,N,N
2018-12-22,92725.74,69.25045796,N,N
2018-12-23,94938.395,65.61224819,N,N
2018-12-24,112358.815,96.81717936,N,N
2018-12-25,98191.655,55.2385453,N,Y
2018-12-26,100017.195,77.57835478,N,Y
2018-12-27,129749.14,102.3108963,N,N
2018-12-28,133831.375,121.4607191,N,N
2018-12-29,108290.11,91.7235266,N,N
2018-12-30,99613.865,84.16649527,N,N
2018-12-31,103381.915,84.89799706,N,N
2019-01-01,98933.06,78.56097897,N,Y
2019-01-02,106470.675,92.2020112,N,N
2019-01-03,118789.605,127.3803026,N,N
2019-01-04,133288.46,121.0209967,N,N
2019-01-05,97262.79,83.49352049,N,N
2019-01-06,93606.215,65.76640698,N,N
2019-01-07,109874.9,85.07795745,N,N
2019-01-08,113446.1,104.9077815,N,N
2019-01-09,105483.435,91.85154672,N,N
2019-01-10,108078.695,96.41374257,N,N
2019-01-11,119728.635,116.3056708,N,N
2019-01-12,108628.96,88.99664281,N,N
2019-01-13,101853.24,75.27302388,N,N
2019-01-14,147070.535,188.1976495,N,N
2019-01-15,152496.245,222.438419,N,N
2019-01-16,136971.755,178.0796754,N,N
2019-01-17,145211.49,175.352893,N,N
2019-01-18,134898.21,137.8500262,N,N
2019-01-19,101692.45,80.78625249,N,N
2019-01-20,102283.13,86.60790073,N,N
2019-01-21,130517.97,176.68995,N,N
2019-01-22,141444.78,278.7777435,N,N
2019-01-23,125501.15,154.4731449,N,N
2019-01-24,155891.345,4549.645105,N,N
2019-01-25,168894.845,906.4372323,N,N
2019-01-26,114818.665,163.7336252,N,Y
2019-01-27,99801.575,86.39622431,N,N
2019-01-28,112374.63,150.9484801,N,Y
2019-01-29,138455.455,183.4002093,N,N
2019-01-30,142113.375,188.7424195,N,N
2019-01-31,110277.21,107.5212334,Y,N
2019-02-01,104422.79,117.6827391,Y,N
2019-02-02,124749.065,240.9545239,Y,N
2019-02-03,133287.585,186.9176322,Y,N
2019-02-04,119168.96,110.1512267,Y,N
2019-02-05,119702.045,92.70133953,Y,N
2019-02-06,140497.815,143.4550561,Y,N
2019-02-07,141593.545,147.6879095,Y,N
2019-02-08,117327.495,107.8491587,Y,N
2019-02-09,95668.77,44.17631186,Y,N
2019-02-10,94786.72,86.43577587,Y,N
2019-02-11,114085.645,97.71508951,Y,N
2019-02-12,107697.205,57.33821194,Y,N
2019-02-13,106692.845,85.98148307,Y,N
2019-02-14,107655.08,108.2907152,Y,N
2019-02-15,113910.46,114.7685038,Y,N
2019-02-16,106467.235,127.4802754,Y,N
2019-02-17,108470.925,110.4895928,Y,N
2019-02-18,116995.065,104.4634554,Y,N
2019-02-19,110531.6,105.0981782,Y,N
2019-02-20,108972.305,111.0460243,Y,N
2019-02-21,110235.335,114.360572,Y,N
2019-02-22,109901.76,103.0440629,Y,N
2019-02-23,99890.25,77.03140322,Y,N
2019-02-24,106877.865,87.18091338,Y,N
2019-02-25,133476.605,139.955977,Y,N
2019-02-26,123114.115,115.9396033,Y,N
2019-02-27,125272.27,123.7875391,Y,N
2019-02-28,150472.255,160.9384487,Y,N
2019-03-01,163682.04,1284.799876,Y,N
2019-03-02,146265.115,132.4925904,Y,N
2019-03-03,138597.69,153.7842958,Y,N
2019-03-04,136528.81,135.2064474,Y,N
2019-03-05,126073.53,118.2619446,Y,N
2019-03-06,108723.615,75.98119137,Y,N
2019-03-07,114519.865,103.1975585,Y,N
2019-03-08,117281.2,106.9388027,Y,N
2019-03-09,106854.935,95.07842459,Y,N
2019-03-10,101994.055,74.37493203,Y,N
2019-03-11,103219.08,81.47204007,Y,Y
2019-03-12,110086.7,76.97154796,Y,N
2019-03-13,114740.52,122.2385811,Y,N
2019-03-14,112785.78,126.7859571,Y,N
2019-03-15,111179.125,102.6085151,Y,N
2019-03-16,105119.48,95.25118781,Y,N
2019-03-17,105669.045,103.9571924,Y,N
2019-03-18,121954.385,111.1497946,Y,N
2019-03-19,123290.835,113.6447743,Y,N
2019-03-20,123994.3,127.2765992,Y,N
2019-03-21,124181.405,115.460165,Y,N
2019-03-22,128305.64,111.2407066,Y,N
2019-03-23,109147.65,98.95473172,Y,N
2019-03-24,104226.83,97.85759965,Y,N
2019-03-25,107583.935,80.29292737,Y,N
2019-03-26,108840.18,95.56789356,Y,N
2019-03-27,113307.595,114.1613715,Y,N
2019-03-28,113923.16,108.460275,Y,N
2019-03-29,110768.285,83.98953774,Y,N
2019-03-30,101262.655,85.16593486,Y,N
2019-03-31,101119.835,94.38958823,Y,N
2019-04-01,116817.43,131.3335309,Y,N
2019-04-02,114927.205,119.3975507,Y,N
2019-04-03,115188.76,112.9080676,Y,N
2019-04-04,113763.835,116.7564884,Y,N
2019-04-05,111484.73,98.53030197,N,N
2019-04-06,102229.645,103.2729949,N,N
2019-04-07,93590.425,86.80268601,N,N
2019-04-08,108543.635,113.1340539,N,N
2019-04-09,111999.04,106.3359468,N,N
2019-04-10,120858.98,121.8751363,N,N
2019-04-11,116890.61,126.8896051,N,N
2019-04-12,114848.77,128.7232047,N,N
2019-04-13,105963.555,122.4421606,N,N
2019-04-14,98680,111.731646,N,N
2019-04-15,114194.955,113.1121728,N,N
2019-04-16,115392.875,100.0056174,N,N
2019-04-17,117281.13,100.1096387,N,N
2019-04-18,111360.065,84.83386371,N,N
2019-04-19,95967.405,78.14244558,N,Y
2019-04-20,95654.36,66.87481389,N,Y
2019-04-21,94810.665,80.07625848,N,Y
2019-04-22,100246.51,95.10738692,N,Y
2019-04-23,114240.885,89.62898584,N,N
2019-04-24,113264.23,86.74929284,Y,N
2019-04-25,98112.465,62.60573067,Y,Y
2019-04-26,107226.59,60.91838254,Y,N
2019-04-27,105374.93,79.62008598,Y,N
2019-04-28,101057.43,86.02286062,Y,N
2019-04-29,118307.525,121.0296417,Y,N
2019-04-30,110515.6,96.95170577,Y,N
2019-05-01,111462.385,90.5638369,Y,N
2019-05-02,112948.4,103.5866148,Y,N
2019-05-03,110902.185,101.1629982,Y,N
2019-05-04,103616.145,103.3834967,Y,N
2019-05-05,104770.705,108.0955559,Y,N
2019-05-06,121535.485,112.5055846,Y,N
2019-05-07,116318.435,94.75371448,Y,N
2019-05-08,118801.84,114.5284513,Y,N
2019-05-09,122003.335,113.6303305,Y,N
2019-05-10,123850.86,93.13527687,Y,N
2019-05-11,113186.735,87.03653305,Y,N
2019-05-12,110416.88,87.37738174,Y,N
2019-05-13,119598.605,77.15737698,Y,N
2019-05-14,123005.31,89.82269178,Y,N
2019-05-15,126264.775,100.6447738,Y,N
2019-05-16,127389.485,98.94296433,Y,N
2019-05-17,126934.24,96.78385886,Y,N
2019-05-18,112990.635,86.4417851,Y,N
2019-05-19,104054.85,76.29416809,Y,N
2019-05-20,118733.42,93.3443643,Y,N
2019-05-21,121766.77,104.5578083,Y,N
2019-05-22,122015.59,115.8944559,Y,N
2019-05-23,119118.11,88.38713619,Y,N
2019-05-24,118924.765,91.54712449,Y,N
2019-05-25,104949.95,74.26293512,Y,N
2019-05-26,106153.43,63.90308214,Y,N
2019-05-27,130229.295,87.61101403,Y,N
2019-05-28,133799.655,79.96477454,Y,N
2019-05-29,136301.49,85.0039422,Y,N
2019-05-30,138857.135,100.0150103,Y,N
2019-05-31,133869.14,100.7077503,Y,N
2019-06-01,120653.435,113.2446372,Y,N
2019-06-02,118086.93,108.9225857,Y,N
2019-06-03,135437.85,115.7252699,Y,N
2019-06-04,136149.125,149.1184438,Y,N
2019-06-05,137844.815,155.9883292,Y,N
2019-06-06,134971.775,162.4919949,Y,N
2019-06-07,132003.44,139.2008162,Y,N
2019-06-08,117243.63,102.4160856,Y,N
2019-06-09,110669.42,69.56130597,Y,N
2019-06-10,108133.03,47.48787404,Y,Y
2019-06-11,122760.92,73.07808171,Y,N
2019-06-12,128127.75,85.79269007,Y,N
2019-06-13,128535.19,79.5162514,Y,N
2019-06-14,128153.195,86.65546421,Y,N
2019-06-15,121097.845,104.4318503,Y,N
2019-06-16,116811.39,111.2767338,Y,N
2019-06-17,129972.915,108.7466958,Y,N
2019-06-18,137922.22,101.3953781,Y,N
2019-06-19,144737.12,157.026041,Y,N
2019-06-20,148609.595,141.9795859,Y,N
2019-06-21,144504.33,123.8097117,Y,N
2019-06-22,132829.29,111.6098615,Y,N
2019-06-23,133525.32,127.6019028,Y,N
2019-06-24,146856.8,117.5189607,Y,N
2019-06-25,145807.25,124.0512778,Y,N
2019-06-26,139351.56,106.19914,Y,N
2019-06-27,131023.66,77.67112944,Y,N
2019-06-28,123546.62,61.81515593,N,N
2019-06-29,117924.13,52.91240414,N,N
2019-06-30,116150.915,51.90114988,N,N
2019-07-01,130565.58,67.19546461,N,N
2019-07-02,135866.75,93.1106743,N,N
2019-07-03,137327.7,97.28799981,N,N
2019-07-04,135182.725,85.90178264,N,N
2019-07-05,132774.295,78.71906603,N,N
2019-07-06,114660.9,64.99290405,N,N
2019-07-07,114469.88,87.74718655,N,N
2019-07-08,127307.26,101.9441713,N,N
2019-07-09,133803.985,125.0990315,N,N
2019-07-10,127092.715,84.78069491,N,N
2019-07-11,133131.52,89.21770528,N,N
2019-07-12,128384.14,90.9696995,N,N
2019-07-13,123954.31,82.19006879,N,N
2019-07-14,123740.265,81.78499643,N,N
2019-07-15,131739.2,92.26999314,N,N
2019-07-16,132941.77,114.6004499,Y,N
2019-07-17,135339.82,91.54588645,Y,N
2019-07-18,134119.14,85.91887883,Y,N
2019-07-19,132101.86,101.5731984,Y,N
2019-07-20,111288.905,52.5253199,Y,N
2019-07-21,111293.15,60.15659043,Y,N
2019-07-22,123618.42,64.58534309,Y,N
2019-07-23,129008.62,69.86479583,Y,N
2019-07-24,135782.545,87.2562993,Y,N
2019-07-25,132940.63,84.07621011,Y,N
2019-07-26,136493.13,95.23321785,Y,N
2019-07-27,121958.69,94.37586715,Y,N
2019-07-28,118413.135,85.71207304,Y,N
2019-07-29,133205.18,95.8737528,Y,N
2019-07-30,138858.045,110.4700594,Y,N
2019-07-31,140275.83,153.2668494,Y,N
2019-08-01,137651.135,98.96700554,Y,N
2019-08-02,135633.89,106.5682167,Y,N
2019-08-03,119933.7,121.5323565,Y,N
2019-08-04,120350.215,127.8811699,Y,N
2019-08-05,125652.055,108.4969239,Y,N
2019-08-06,132120.39,89.42780511,Y,N
2019-08-07,136315.38,129.2625292,Y,N
2019-08-08,133004.73,95.45419528,Y,N
2019-08-09,142555.105,119.9574815,Y,N
2019-08-10,128554.605,94.66880878,Y,N
2019-08-11,121028.325,98.10109395,Y,N
2019-08-12,136683.4,163.3616367,Y,N
2019-08-13,141474.265,267.3476499,Y,N
2019-08-14,134681.435,123.8521422,Y,N
2019-08-15,128119.715,76.35098087,Y,N
2019-08-16,129781.155,100.0115921,Y,N
2019-08-17,115460.6,75.49141332,Y,N
2019-08-18,110816.375,52.02449269,Y,N
2019-08-19,131067.25,81.72362524,Y,N
2019-08-20,131438.55,61.92654742,Y,N
2019-08-21,120747.08,54.38688032,Y,N
2019-08-22,127697.99,89.13914759,Y,N
2019-08-23,126763.365,91.09893111,Y,N
2019-08-24,107303.475,55.14989882,Y,N
2019-08-25,113980.3,119.3055933,Y,N
2019-08-26,132704.365,142.1848103,Y,N
2019-08-27,130964.885,131.1074194,Y,N
2019-08-28,137660.94,140.9420211,Y,N
2019-08-29,134233.345,135.2468604,Y,N
2019-08-30,131871.08,185.2052836,Y,N
2019-08-31,107616.03,79.34719837,Y,N
2019-09-01,106779.475,75.51274154,Y,N
2019-09-02,121697.38,92.69108892,Y,N
2019-09-03,118871.215,114.8862595,Y,N
2019-09-04,122652.81,144.3934345,Y,N
2019-09-05,120223.175,99.34544347,Y,N
2019-09-06,122222.69,67.97275419,Y,N
2019-09-07,115200.19,73.467963,Y,N
2019-09-08,116999.07,65.37643892,Y,N
2019-09-09,130448.115,92.61396885,Y,N
2019-09-10,131665.015,150.0279612,Y,N
2019-09-11,121100.045,83.05214828,Y,N
2019-09-12,118723.07,76.52661892,Y,N
2019-09-13,120349.015,108.2140233,Y,N
2019-09-14,103500.955,106.4610523,Y,N
2019-09-15,105149.02,87.63007499,Y,N
2019-09-16,119362.235,137.4673567,Y,N
2019-09-17,124129.44,149.599176,Y,N
2019-09-18,119715.705,151.2558046,Y,N
2019-09-19,108102.56,82.43824146,Y,N
2019-09-20,107222.345,106.2793137,N,N
2019-09-21,101348.35,112.2577451,N,N
2019-09-22,102386.525,103.2310155,N,N
2019-09-23,121862.885,109.7326738,N,N
2019-09-24,125787.33,148.2298325,N,N
2019-09-25,124302.93,192.4850347,N,N
2019-09-26,117320.175,139.4994437,N,N
2019-09-27,106043.02,69.64095969,N,Y
2019-09-28,108762.31,132.2621226,N,N
2019-09-29,104804.09,90.4013205,N,N
2019-09-30,121770.82,107.8227368,N,N
2019-10-01,117265.275,121.3908912,N,N
2019-10-02,110760.825,108.6616766,N,N
2019-10-03,109312.85,108.8439126,N,N
2019-10-04,117512.56,136.3619947,N,N
2019-10-05,101386.01,88.04906289,N,N
2019-10-06,93011.345,54.72011454,N,N
2019-10-07,113296.31,112.0755955,N,N
2019-10-08,117504.775,130.6718253,Y,N
2019-10-09,122771.82,131.5850422,Y,N
2019-10-10,123692.08,167.9811358,Y,N
2019-10-11,115250.505,114.6969754,Y,N
2019-10-12,101053.365,93.12022349,Y,N
2019-10-13,94744.7,90.16423585,Y,N
2019-10-14,110290.12,119.0137926,Y,N
2019-10-15,112052.12,123.2613285,Y,N
2019-10-16,117533.72,116.3406692,Y,N
2019-10-17,116690.04,92.4980437,Y,N
2019-10-18,109857.485,76.31832856,Y,N
2019-10-19,102032.495,67.01442281,Y,N
2019-10-20,102684.515,87.53321242,Y,N
2019-10-21,114502.07,111.6668677,Y,N
2019-10-22,114108.545,111.449844,Y,N
2019-10-23,114281.615,99.73613303,Y,N
2019-10-24,115442.655,82.37009654,Y,N
2019-10-25,109130.77,70.88468961,Y,N
2019-10-26,96698.285,44.84928375,Y,N
2019-10-27,102830.555,87.80824298,Y,N
2019-10-28,112634.635,104.0916075,Y,N
2019-10-29,111887.405,130.1986817,Y,N
2019-10-30,117375.73,130.318312,Y,N
2019-10-31,121752.875,89.65963518,Y,N
2019-11-01,130510.905,90.3188415,Y,N
2019-11-02,105806.825,90.79891252,Y,N
2019-11-03,96867.015,72.3988408,Y,N
2019-11-04,107279.84,79.09640417,Y,N
2019-11-05,96817,66.47681474,Y,Y
2019-11-06,104381.38,58.45195188,Y,N
2019-11-07,115132.64,63.89768627,Y,N
2019-11-08,113954.78,81.07754151,Y,N
2019-11-09,108924.79,70.47488424,Y,N
2019-11-10,101550.045,86.63900971,Y,N
2019-11-11,106758.95,66.49132611,Y,N
2019-11-12,104303.46,57.06984589,Y,N
2019-11-13,112573.54,64.51938945,Y,N
2019-11-14,109828.93,74.43626304,Y,N
2019-11-15,110954.755,72.06559877,Y,N
2019-11-16,97646.12,67.18721945,Y,N
2019-11-17,96742.49,66.41186458,Y,N
2019-11-18,109148.25,72.2810715,Y,N
2019-11-19,112033.87,81.95589562,Y,N
2019-11-20,119736.125,83.7632517,Y,N
2019-11-21,131312,72.81531121,Y,N
2019-11-22,109049.365,65.41297801,Y,N
2019-11-23,97245.765,49.79429278,Y,N
2019-11-24,96778.25,60.75544396,Y,N
2019-11-25,113899.3,71.00111618,Y,N
2019-11-26,107629.16,47.35059213,Y,N
2019-11-27,108417.695,59.044675,Y,N
2019-11-28,112735.875,70.20255196,Y,N
2019-11-29,114799.91,79.60572907,Y,N
2019-11-30,98959.56,51.05874163,Y,N
2019-12-01,100233.98,33.15486702,Y,N
2019-12-02,110609.4,29.07038255,Y,N
2019-12-03,109094.04,19.17095068,Y,N
2019-12-04,107400.705,39.41504815,Y,N
2019-12-05,107891.69,45.83032615,Y,N
2019-12-06,105028.985,41.38035927,Y,N
2019-12-07,95436.3,47.12307019,Y,N
2019-12-08,97577.415,43.69041139,Y,N
2019-12-09,127910.835,62.71879257,Y,N
2019-12-10,109548.62,48.33616468,Y,N
2019-12-11,109060.375,57.73048537,Y,N
2019-12-12,108599.065,41.64754349,Y,N
2019-12-13,107070.61,58.51737364,Y,N
2019-12-14,101239.235,65.76524835,Y,N
2019-12-15,98723.45,50.93674307,Y,N
2019-12-16,114400.065,73.60174913,Y,N
2019-12-17,123999.07,83.08408218,Y,N
2019-12-18,146990.89,95.80297192,Y,N
2019-12-19,125050.61,71.95351192,Y,N
2019-12-20,150553.4,243.8101596,N,N
2019-12-21,100632.475,44.94113626,N,N
2019-12-22,90145.615,34.67870591,N,N
2019-12-23,101818.025,47.19823427,N,N
2019-12-24,102168.93,57.33130511,N,N
2019-12-25,98312.745,42.25723939,N,Y
2019-12-26,96120.525,41.25598668,N,Y
2019-12-27,107256.065,56.12245133,N,N
2019-12-28,113521.685,63.2954493,N,N
2019-12-29,118293.525,87.68668878,N,N
2019-12-30,140410.125,295.8292019,N,N
2019-12-31,95410.39,46.25148392,N,N
2020-01-01,89077.855,50.92180276,N,Y
2020-01-02,102988.185,69.54622563,N,N
2020-01-03,118922.215,65.43592156,N,N
2020-01-04,102245.61,28.04223073,N,N
2020-01-05,95671.2,18.87543557,N,N
2020-01-06,110253.59,56.10440026,N,N
2020-01-07,109336.56,59.42379013,N,N
2020-01-08,110038.625,53.31322981,N,N
2020-01-09,127365.59,86.98086498,N,N
2020-01-10,122533.88,65.48598559,N,N
2020-01-11,91886.605,22.78453983,N,N
2020-01-12,91797.595,45.62791308,N,N
2020-01-13,119653.945,76.95247324,N,N
2020-01-14,137302.605,88.84765354,N,N
2020-01-15,137408.225,63.73047072,N,N
2020-01-16,109669.645,33.40442593,N,N
2020-01-17,108108.175,39.50076193,N,N
2020-01-18,105946.34,52.05315547,N,N
2020-01-19,106921.555,60.34705595,N,N
2020-01-20,116291.535,45.35933548,N,N
2020-01-21,112128.195,53.56486954,N,N
2020-01-22,119287.15,45.15569085,N,N
2020-01-23,112254.83,-1.761423453,N,N
2020-01-24,109316.375,49.47943371,N,N
2020-01-25,102445.88,50.13282313,N,N
2020-01-26,101233.205,51.41502923,N,Y
2020-01-27,103134.46,54.45308234,N,Y
2020-01-28,116190.555,67.1738294,N,N
2020-01-29,129812.915,78.27234224,N,N
2020-01-30,154816.49,1044.447303,Y,N
2020-01-31,170653.84,2809.437516,Y,N
2020-02-01,131856.315,86.90860795,Y,N
2020-02-02,97609.06,14.2356353,Y,N
2020-02-03,105004.91,15.31077199,Y,N
2020-02-04,107034.065,25.21209272,Y,N
2020-02-05,108988.44,42.116875,Y,N
2020-02-06,120569.46,42.7660323,Y,N
2020-02-07,120734.85,45.33242536,Y,N
2020-02-08,107864.445,28.57090708,Y,N
2020-02-09,103857.11,21.55549181,Y,N
2020-02-10,122975.46,50.80924218,Y,N
2020-02-11,127110.58,61.28984085,Y,N
2020-02-12,124618.565,53.24352505,Y,N
2020-02-13,139137.185,79.01849432,Y,N
2020-02-14,139855.63,79.50264397,Y,N
2020-02-15,108300.635,55.67496226,Y,N
2020-02-16,100904.27,47.00473539,Y,N
2020-02-17,123351.845,64.10902188,Y,N
2020-02-18,119178.12,60.59554515,Y,N
2020-02-19,109375.215,51.44203692,Y,N
2020-02-20,112202.145,58.36129092,Y,N
2020-02-21,108949.055,48.65820337,Y,N
2020-02-22,96922.02,42.23609358,Y,N
2020-02-23,106129.665,51.31845616,Y,N
2020-02-24,122619.055,57.23408318,Y,N
2020-02-25,123558.425,60.55470181,Y,N
2020-02-26,108371.125,45.06152522,Y,N
2020-02-27,108675.4,48.54266915,Y,N
2020-02-28,110006.97,50.30635286,Y,N
2020-02-29,100380.94,51.28960873,Y,N
2020-03-01,101413.145,43.74592103,Y,N
2020-03-02,106359.955,52.72839509,Y,N
2020-03-03,108746.37,49.78108973,Y,N
2020-03-04,117505.625,58.52287051,Y,N
2020-03-05,119734.635,57.03638211,Y,N
2020-03-06,111322.325,53.73651471,Y,N
2020-03-07,96850.78,28.02046621,Y,N
2020-03-08,92553.29,17.91641531,Y,N
2020-03-09,94641.7,22.04145155,Y,Y
2020-03-10,112142.54,48.05972395,Y,N
2020-03-11,118830.14,44.36993675,Y,N
2020-03-12,120272.775,39.12756574,Y,N
2020-03-13,115075.81,40.12713492,Y,N
2020-03-14,96016.19,29.13732578,Y,N
2020-03-15,97664.935,31.65784001,Y,N
2020-03-16,110586.815,46.67088405,Y,N
2020-03-17,115254.185,52.45119827,Y,N
2020-03-18,121127.145,51.29144223,Y,N
2020-03-19,127266.86,47.56265955,Y,N
2020-03-20,111547.605,40.76436769,Y,N
2020-03-21,103999.335,47.45869875,Y,N
2020-03-22,97449.685,34.6180548,Y,N
2020-03-23,112906.945,44.639439,Y,N
2020-03-24,114935.545,49.44768766,N,N
2020-03-25,113147.815,43.72083739,N,N
2020-03-26,110088.01,45.52124524,N,N
2020-03-27,111958.245,49.31850031,N,N
2020-03-28,97923.715,47.96327104,N,N
2020-03-29,95953.205,42.33862791,N,N
2020-03-30,107687.51,57.50297543,N,N
2020-03-31,109043.865,57.69019307,N,N
2020-04-01,110991.625,62.96751451,N,N
2020-04-02,116302.665,61.53701996,N,N
2020-04-03,104294.57,48.63677812,N,N
2020-04-04,101854.155,38.37596876,N,N
2020-04-05,105098.025,23.78090796,N,N
2020-04-06,118074.565,64.75585113,N,N
2020-04-07,118404.455,55.23438237,N,N
2020-04-08,108404.01,44.72939741,N,N
2020-04-09,108587.52,43.73804476,N,N
2020-04-10,94831.23,38.43550662,N,Y
2020-04-11,92097.07,19.93410558,N,Y
2020-04-12,101760.09,45.98205215,N,Y
2020-04-13,100025.9,56.65741702,N,Y
2020-04-14,107849.83,40.83855359,N,N
2020-04-15,104547.34,27.70599581,N,N
2020-04-16,106527.945,29.80144816,N,N
2020-04-17,106943.49,30.78270306,N,N
2020-04-18,106888.545,42.660865,N,N
2020-04-19,100737.835,35.70349081,N,N
2020-04-20,109168.595,25.61588931,N,N
2020-04-21,111417.63,33.03588516,N,N
2020-04-22,113506.01,37.88175157,N,N
2020-04-23,112872.88,20.49660012,N,N
2020-04-24,106565.295,26.64118007,N,N
2020-04-25,96845.12,17.64017408,N,Y
2020-04-26,96572.935,13.5630558,N,N
2020-04-27,113471.83,33.03141097,N,N
2020-04-28,112124.06,19.56668786,N,N
2020-04-29,121307.84,32.2651911,N,N
2020-04-30,121353.33,30.41346278,N,N
2020-05-01,127238.875,24.12281687,N,N
2020-05-02,111665.725,22.87564402,N,N
2020-05-03,109669.355,36.48853238,N,N
2020-05-04,126892.26,53.06344078,N,N
2020-05-05,118839.095,33.51569984,N,N
2020-05-06,113214.27,17.0648778,N,N
2020-05-07,109642.755,15.23790152,N,N
2020-05-08,107914.055,30.69821921,N,N
2020-05-09,107786.255,22.46155133,N,N
2020-05-10,107555.19,36.45639626,N,N
2020-05-11,122550.945,37.85789836,N,N
2020-05-12,120767.795,29.43362339,N,N
2020-05-13,127145.14,43.43886852,N,N
2020-05-14,129285.09,48.11872607,N,N
2020-05-15,129112.45,51.07777502,N,N
2020-05-16,110420.89,46.52909504,N,N
2020-05-17,109774.425,47.15728156,N,N
2020-05-18,120076.645,44.49108574,N,N
2020-05-19,119789.97,44.37480596,N,N
2020-05-20,119803.985,40.05689067,N,N
2020-05-21,127563.61,58.07487611,N,N
2020-05-22,130472.2,69.66122064,N,N
2020-05-23,115234.32,40.60516447,N,N
2020-05-24,109579.82,39.99310228,N,N
2020-05-25,125532.575,46.78488884,N,N
2020-05-26,126788.835,46.7074665,N,N
2020-05-27,124189.8,50.44310686,Y,N
2020-05-28,124062.485,65.36037865,Y,N
2020-05-29,120072.09,50.14294437,Y,N
2020-05-30,102231.77,21.75529586,Y,N
2020-05-31,102684.59,30.29992998,Y,N
2020-06-01,132039.705,35.15095713,Y,N
2020-06-02,132710.36,40.30454693,Y,N
2020-06-03,130801.825,46.17833796,Y,N
2020-06-04,133322.025,52.41174158,Y,N
2020-06-05,137368.465,62.03344383,Y,N
2020-06-06,126427.92,51.80529968,Y,N
2020-06-07,119524.41,52.5677437,Y,N
2020-06-08,124792.975,64.9355269,Y,Y
2020-06-09,141571.295,134.7476148,Y,N
2020-06-10,137795.795,121.1776674,Y,N
2020-06-11,141444.445,99.91431747,Y,N
2020-06-12,134684.585,50.25057404,Y,N
2020-06-13,117394.455,31.44827161,Y,N
2020-06-14,107553.005,24.87964662,Y,N
2020-06-15,121221.455,26.0068805,Y,N
2020-06-16,124473.67,34.23091122,Y,N
2020-06-17,133969.69,66.78362319,Y,N
2020-06-18,130437.325,35.14292887,Y,N
2020-06-19,120149.435,30.51870659,Y,N
2020-06-20,109644.695,34.0593321,Y,N
2020-06-21,121528.375,36.99437852,Y,N
2020-06-22,136373.435,45.89619048,Y,N
2020-06-23,131904.745,48.98674317,Y,N
2020-06-24,133100.905,56.72143583,Y,N
2020-06-25,131466.24,39.91004036,Y,N
2020-06-26,136872.56,55.53696115,N,N
2020-06-27,126938.54,48.3032828,N,N
2020-06-28,125830.75,49.19876027,N,N
2020-06-29,141431.99,42.72455245,N,N
2020-06-30,137644.865,32.46337485,N,N
2020-07-01,126614.72,33.15843237,N,N
2020-07-02,131372.71,37.36642631,N,N
2020-07-03,143010.27,43.51202037,N,N
2020-07-04,125400.27,50.02610058,N,N
2020-07-05,118507.76,50.7877126,N,N
2020-07-06,136255.335,75.96062272,N,N
2020-07-07,140264.52,88.33624266,N,N
2020-07-08,138627.11,80.38819689,N,N
2020-07-09,135266.165,70.71627991,N,N
2020-07-10,134041.23,67.7398805,N,N
2020-07-11,130088.95,81.92988413,N,N
2020-07-12,118837.05,61.71948241,N,N
2020-07-13,130119.41,61.12317036,N,N
2020-07-14,133668.935,61.11233617,Y,N
2020-07-15,135296.8,68.56981008,Y,N
2020-07-16,143158.89,86.65821645,Y,N
2020-07-17,143109.355,73.81550841,Y,N
2020-07-18,125303.885,43.53431853,Y,N
2020-07-19,114065.32,31.20876798,Y,N
2020-07-20,132894.41,58.02011972,Y,N
2020-07-21,140086.105,95.13777966,Y,N
2020-07-22,138666.105,93.87503029,Y,N
2020-07-23,142476.365,103.9160215,Y,N
2020-07-24,133822.7,61.44914004,Y,N
2020-07-25,128417.22,72.0830116,Y,N
2020-07-26,123014.555,69.92282946,Y,N
2020-07-27,132571.33,59.48642642,Y,N
2020-07-28,132720.395,59.04477848,Y,N
2020-07-29,130547.735,67.52983163,Y,N
2020-07-30,132583.64,63.22321802,Y,N
2020-07-31,132105.75,73.08227616,Y,N
2020-08-01,111590.65,47.91589475,Y,N
2020-08-02,109935.335,50.24795698,Y,N
2020-08-03,127930.355,47.6889717,Y,N
2020-08-04,140042.145,49.18959504,N,N
2020-08-05,140205.295,55.46471438,N,N
2020-08-06,140835.175,69.43370924,N,N
2020-08-07,144062.61,60.11943198,N,N
2020-08-08,121119.265,53.51866097,N,N
2020-08-09,111165.955,45.52217119,N,N
2020-08-10,125959.75,53.42043452,N,N
2020-08-11,130141.225,42.32865173,N,N
2020-08-12,127945.31,58.62900738,N,N
2020-08-13,121914.44,52.32015788,N,N
2020-08-14,124640.09,69.84183616,N,N
2020-08-15,113755.18,52.51504329,N,N
2020-08-16,111034.745,58.425199,N,N
2020-08-17,121520.57,60.71057206,N,N
2020-08-18,119321.855,44.02416502,N,N
2020-08-19,129884.75,62.12320763,N,N
2020-08-20,123490.855,54.11355268,N,N
2020-08-21,125707.04,48.50830488,N,N
2020-08-22,127131.37,56.06549025,N,N
2020-08-23,117125.065,53.93795084,N,N
2020-08-24,134984.79,134.4884221,N,N
2020-08-25,138437.855,82.74421296,N,N
2020-08-26,129322.31,90.6668878,N,N
2020-08-27,119044.425,45.56437394,N,N
2020-08-28,118809.08,61.60884765,N,N
2020-08-29,100166.885,15.29224188,N,N
2020-08-30,98917.175,9.421018531,N,N
2020-08-31,121605.395,58.5526285,N,N
2020-09-01,119645.18,52.28162464,N,N
2020-09-02,113547.67,31.7696948,N,N
2020-09-03,109327.46,25.56711429,N,N
2020-09-04,114865.645,37.04256916,N,N
2020-09-05,105534.01,49.7384538,N,N
2020-09-06,95865.14,26.51715961,N,N
2020-09-07,99778.2,18.90752412,N,N
2020-09-08,112421.09,35.90195556,N,N
2020-09-09,112140.47,37.01543366,N,N
2020-09-10,109328.335,31.15281617,N,N
2020-09-11,106643.05,22.38646877,N,N
2020-09-12,111644.6,34.26416783,N,N
2020-09-13,96225.91,28.32769033,N,N
2020-09-14,107196.61,41.85212803,N,N
2020-09-15,113008.77,44.30535805,N,N
2020-09-16,110807.72,34.96841219,N,N
2020-09-17,115643.44,34.6966765,N,N
2020-09-18,112335.7,40.83704346,N,N
2020-09-19,93384,24.26530783,N,N
2020-09-20,86891.23,23.05133479,N,N
2020-09-21,100977.95,34.25364192,N,N
2020-09-22,103200.64,25.92532279,N,N
2020-09-23,112412.445,34.21179457,N,N
2020-09-24,117535.715,51.7793561,N,N
2020-09-25,126354.68,53.42920966,N,N
2020-09-26,106694.965,33.44471011,N,N
2020-09-27,101703.49,57.92002876,N,N
2020-09-28,114651.14,59.74605347,N,N
2020-09-29,112076.46,42.12017751,N,N
2020-09-30,113620.21,38.05764052,N,N
2020-10-01,106641.79,34.65467056,N,N
2020-10-02,99585.835,-6.076028369,N,N
2020-10-03,92277.025,-1.983470633,N,N
2020-10-04,94081.565,25.0086136,N,N
2020-10-05,113610.03,36.76470052,N,N
2020-10-06,122607.56,75.77105901,N,N
