자치구별(2),2020,2020,2020,2020,2020,2020,2020,2020,2020,2020,2020,2020,2020,2020,2020,2020,2020,2020,2020,2020,2020,2021,2021,2021,2021,2021,2021,2021,2021,2021,2021,2021,2021,2021,2021,2021,2021,2021,2021,2021,2021,2021,2022,2022,2022,2022,2022,2022,2022,2022,2022,2022,2022,2022,2022,2022,2022,2022,2022,2022,2022,2022,2022,2023,2023,2023,2023,2023,2023,2023,2023,2023,2023,2023,2023,2023,2023,2023,2023,2023,2023,2023,2023,2023,2024,2024,2024,2024,2024,2024,2024,2024,2024,2024,2024,2024,2024,2024,2024,2024,2024,2024,2024,2024,2024,2025,2025,2025,2025,2025,2025,2025,2025,2025,2025,2025,2025,2025,2025,2025,2025,2025,2025,2025,2025,2025,2026,2026,2026,2026,2026,2026,2026,2026,2026,2026,2026,2026,2026,2026,2026,2026,2026,2026,2026,2026,2026,2027,2027,2027,2027,2027,2027,2027,2027,2027,2027,2027,2027,2027,2027,2027,2027,2027,2027,2027,2027,2027,2028,2028,2028,2028,2028,2028,2028,2028,2028,2028,2028,2028,2028,2028,2028,2028,2028,2028,2028,2028,2028,2029,2029,2029,2029,2029,2029,2029,2029,2029,2029,2029,2029,2029,2029,2029,2029,2029,2029,2029,2029,2029,2030,2030,2030,2030,2030,2030,2030,2030,2030,2030,2030,2030,2030,2030,2030,2030,2030,2030,2030,2030,2030,2031,2031,2031,2031,2031,2031,2031,2031,2031,2031,2031,2031,2031,2031,2031,2031,2031,2031,2031,2031,2031,2032,2032,2032,2032,2032,2032,2032,2032,2032,2032,2032,2032,2032,2032,2032,2032,2032,2032,2032,2032,2032,2033,2033,2033,2033,2033,2033,2033,2033,2033,2033,2033,2033,2033,2033,2033,2033,2033,2033,2033,2033,2033,2034,2034,2034,2034,2034,2034,2034,2034,2034,2034,2034,2034,2034,2034,2034,2034,2034,2034,2034,2034,2034,2035,2035,2035,2035,2035,2035,2035,2035,2035,2035,2035,2035,2035,2035,2035,2035,2035,2035,2035,2035,2035,2036,2036,2036,2036,2036,2036,2036,2036,2036,2036,2036,2036,2036,2036,2036,2036,2036,2036,2036,2036,2036,2037,2037,2037,2037,2037,2037,2037,2037,2037,2037,2037,2037,2037,2037,2037,2037,2037,2037,2037,2037,2037,2038,2038,2038,2038,2038,2038,2038,2038,2038,2038,2038,2038,2038,2038,2038,2038,2038,2038,2038,2038,2038,2039,2039,2039,2039,2039,2039,2039,2039,2039,2039,2039,2039,2039,2039,2039,2039,2039,2039,2039,2039,2039,2040,2040,2040,2040,2040,2040,2040,2040,2040,2040,2040,2040,2040,2040,2040,2040,2040,2040,2040,2040,2040
자치구별(2),소계,0~4세,5~9세,10~14세,15~19세,20~24세,25~29세,30~34세,35~39세,40~44세,45~49세,50~54세,55~59세,60~64세,65~69세,70~74세,75~79세,80~84세,85~89세,90~94세,95세 이상+,소계,0~4세,5~9세,10~14세,15~19세,20~24세,25~29세,30~34세,35~39세,40~44세,45~49세,50~54세,55~59세,60~64세,65~69세,70~74세,75~79세,80~84세,85~89세,90~94세,95세 이상+,소계,0~4세,5~9세,10~14세,15~19세,20~24세,25~29세,30~34세,35~39세,40~44세,45~49세,50~54세,55~59세,60~64세,65~69세,70~74세,75~79세,80~84세,85~89세,90~94세,95세 이상+,소계,0~4세,5~9세,10~14세,15~19세,20~24세,25~29세,30~34세,35~39세,40~44세,45~49세,50~54세,55~59세,60~64세,65~69세,70~74세,75~79세,80~84세,85~89세,90~94세,95세 이상+,소계,0~4세,5~9세,10~14세,15~19세,20~24세,25~29세,30~34세,35~39세,40~44세,45~49세,50~54세,55~59세,60~64세,65~69세,70~74세,75~79세,80~84세,85~89세,90~94세,95세 이상+,소계,0~4세,5~9세,10~14세,15~19세,20~24세,25~29세,30~34세,35~39세,40~44세,45~49세,50~54세,55~59세,60~64세,65~69세,70~74세,75~79세,80~84세,85~89세,90~94세,95세 이상+,소계,0~4세,5~9세,10~14세,15~19세,20~24세,25~29세,30~34세,35~39세,40~44세,45~49세,50~54세,55~59세,60~64세,65~69세,70~74세,75~79세,80~84세,85~89세,90~94세,95세 이상+,소계,0~4세,5~9세,10~14세,15~19세,20~24세,25~29세,30~34세,35~39세,40~44세,45~49세,50~54세,55~59세,60~64세,65~69세,70~74세,75~79세,80~84세,85~89세,90~94세,95세 이상+,소계,0~4세,5~9세,10~14세,15~19세,20~24세,25~29세,30~34세,35~39세,40~44세,45~49세,50~54세,55~59세,60~64세,65~69세,70~74세,75~79세,80~84세,85~89세,90~94세,95세 이상+,소계,0~4세,5~9세,10~14세,15~19세,20~24세,25~29세,30~34세,35~39세,40~44세,45~49세,50~54세,55~59세,60~64세,65~69세,70~74세,75~79세,80~84세,85~89세,90~94세,95세 이상+,소계,0~4세,5~9세,10~14세,15~19세,20~24세,25~29세,30~34세,35~39세,40~44세,45~49세,50~54세,55~59세,60~64세,65~69세,70~74세,75~79세,80~84세,85~89세,90~94세,95세 이상+,소계,0~4세,5~9세,10~14세,15~19세,20~24세,25~29세,30~34세,35~39세,40~44세,45~49세,50~54세,55~59세,60~64세,65~69세,70~74세,75~79세,80~84세,85~89세,90~94세,95세 이상+,소계,0~4세,5~9세,10~14세,15~19세,20~24세,25~29세,30~34세,35~39세,40~44세,45~49세,50~54세,55~59세,60~64세,65~69세,70~74세,75~79세,80~84세,85~89세,90~94세,95세 이상+,소계,0~4세,5~9세,10~14세,15~19세,20~24세,25~29세,30~34세,35~39세,40~44세,45~49세,50~54세,55~59세,60~64세,65~69세,70~74세,75~79세,80~84세,85~89세,90~94세,95세 이상+,소계,0~4세,5~9세,10~14세,15~19세,20~24세,25~29세,30~34세,35~39세,40~44세,45~49세,50~54세,55~59세,60~64세,65~69세,70~74세,75~79세,80~84세,85~89세,90~94세,95세 이상+,소계,0~4세,5~9세,10~14세,15~19세,20~24세,25~29세,30~34세,35~39세,40~44세,45~49세,50~54세,55~59세,60~64세,65~69세,70~74세,75~79세,80~84세,85~89세,90~94세,95세 이상+,소계,0~4세,5~9세,10~14세,15~19세,20~24세,25~29세,30~34세,35~39세,40~44세,45~49세,50~54세,55~59세,60~64세,65~69세,70~74세,75~79세,80~84세,85~89세,90~94세,95세 이상+,소계,0~4세,5~9세,10~14세,15~19세,20~24세,25~29세,30~34세,35~39세,40~44세,45~49세,50~54세,55~59세,60~64세,65~69세,70~74세,75~79세,80~84세,85~89세,90~94세,95세 이상+,소계,0~4세,5~9세,10~14세,15~19세,20~24세,25~29세,30~34세,35~39세,40~44세,45~49세,50~54세,55~59세,60~64세,65~69세,70~74세,75~79세,80~84세,85~89세,90~94세,95세 이상+,소계,0~4세,5~9세,10~14세,15~19세,20~24세,25~29세,30~34세,35~39세,40~44세,45~49세,50~54세,55~59세,60~64세,65~69세,70~74세,75~79세,80~84세,85~89세,90~94세,95세 이상+,소계,0~4세,5~9세,10~14세,15~19세,20~24세,25~29세,30~34세,35~39세,40~44세,45~49세,50~54세,55~59세,60~64세,65~69세,70~74세,75~79세,80~84세,85~89세,90~94세,95세 이상+
종로구,152056,3300,4270,4692,8015,14274,13885,10688,10131,9736,12285,12399,12368,10886,7719,6089,5382,3515,1656,584,182,149705,2921,4101,4601,6576,14103,14545,10782,9643,9839,11240,12536,11793,11276,8258,6047,5122,3714,1772,658,178,147145,2563,3863,4446,5815,13372,14983,10965,9237,9907,10348,12464,11614,11160,8540,5999,5037,3993,1962,679,198,144004,2325,3484,4342,5389,11819,14785,11324,8970,9881,9650,12264,11259,11325,8787,6066,5070,4197,2122,731,214,141438,2144,3229,4234,4907,10722,14546,11563,8741,9752,9211,11817,11314,11149,9268,6217,5096,4226,2252,815,235,139370,2014,2960,4208,4831,9412,14219,11804,8733,9294,9252,11282,11343,10934,9410,6681,5174,4235,2424,905,255,137681,1979,2684,4094,4911,8237,13799,12015,8775,8892,9468,10555,11480,10510,9897,7253,5233,4063,2559,998,279,136337,2020,2472,3973,4936,7816,12905,11963,8926,8537,9659,10015,11586,10459,9926,7578,5316,4066,2774,1109,301,135131,2129,2303,3693,4907,7755,11918,11733,9255,8279,9767,9545,11529,10221,10163,7895,5431,4163,2929,1186,330,134049,2269,2157,3511,4826,7519,11236,11540,9427,8082,9713,9251,11224,10406,10038,8411,5615,4230,2957,1266,371,133087,2426,2043,3242,4843,7583,10250,11293,9628,8111,9300,9342,10817,10517,9881,8615,6079,4357,2980,1364,416,132256,2574,2012,2944,4752,7702,9438,11015,9777,8153,8919,9561,10220,10693,9534,9125,6621,4439,2876,1441,460,131530,2720,2039,2701,4601,7749,9211,10346,9719,8326,8535,9745,9769,10839,9533,9169,6953,4547,2941,1578,509,130874,2850,2130,2503,4306,7698,9210,9681,9551,8645,8236,9849,9358,10831,9348,9424,7301,4676,3061,1670,546,130297,2967,2251,2335,4115,7619,9067,9214,9418,8807,8041,9776,9101,10591,9599,9304,7816,4861,3133,1692,590,129774,3067,2392,2211,3816,7643,9138,8487,9230,9003,8086,9353,9200,10254,9745,9177,8038,5303,3271,1716,644,129283,3134,2526,2175,3481,7516,9227,7974,9017,9129,8125,8972,9409,9742,9944,8883,8555,5786,3343,1660,685,128751,3155,2654,2199,3192,7288,9297,7846,8493,9079,8319,8572,9596,9356,10117,8914,8619,6101,3457,1735,762,128168,3137,2767,2286,2953,6913,9236,7870,8016,8934,8636,8254,9702,9001,10138,8766,8885,6445,3587,1833,809,127554,3086,2868,2406,2757,6623,9159,7770,7640,8814,8799,8073,9615,8775,9947,9055,8782,6922,3746,1891,826,126884,3008,2954,2550,2620,6176,9162,7819,7066,8636,8994,8122,9196,8879,9669,9216,8681,7162,4127,2000,847
중구,129218,3655,3541,2889,4710,10277,11902,11092,10627,8792,9596,10244,10590,9825,7083,5394,4399,2782,1237,485,98,127427,3338,3325,2948,3679,9959,12316,11019,10270,8951,8888,10188,10061,10082,7615,5520,4323,2912,1392,526,115,126355,2979,3267,2853,3384,9525,12379,11470,9868,9067,8278,10223,9709,9868,8052,5606,4365,3217,1567,546,132,124454,2720,3064,2724,3280,8433,12173,11778,9630,9038,7991,9937,9378,9934,8429,5619,4492,3436,1653,581,164,122700,2559,2764,2724,3051,7539,12060,11901,9400,9006,7690,9570,9515,9673,8744,5842,4521,3507,1808,642,184,121120,2421,2562,2666,3019,6628,11805,11928,9334,8668,7751,9198,9459,9485,8802,6285,4718,3556,1931,693,211,119686,2377,2354,2574,3091,5743,11406,12015,9248,8327,7879,8728,9635,9080,9069,6816,4814,3490,2035,782,223,118392,2409,2097,2564,3037,5474,10668,11689,9471,7947,8010,8291,9819,8928,8991,7192,4890,3546,2259,872,238,117292,2497,1957,2399,2981,5413,9781,11480,9632,7686,8038,8056,9693,8749,9138,7561,4948,3681,2419,919,264,116339,2625,1850,2198,2997,5239,9129,11284,9733,7474,8036,7775,9478,8976,8944,7894,5187,3734,2476,1015,295,115520,2767,1751,2058,2966,5254,8386,11019,9804,7453,7718,7853,9192,8997,8816,8016,5610,3938,2514,1083,325,114822,2898,1732,1874,2911,5343,7669,10732,9926,7423,7417,7984,8770,9218,8472,8340,6105,4023,2471,1149,365,114189,3017,1761,1676,2872,5320,7501,10141,9734,7665,7070,8134,8366,9405,8390,8327,6456,4116,2549,1285,404,113626,3122,1832,1576,2690,5281,7465,9462,9639,7824,6827,8191,8135,9332,8257,8508,6815,4199,2673,1369,429,113114,3215,1935,1480,2516,5283,7354,8980,9461,7961,6647,8186,7861,9183,8513,8347,7157,4427,2730,1400,478,112636,3293,2039,1404,2376,5260,7383,8350,9264,8062,6656,7852,7956,8927,8575,8253,7329,4816,2908,1423,510,112145,3338,2139,1394,2163,5189,7472,7773,9050,8186,6646,7540,8091,8544,8812,7957,7687,5255,2966,1397,546,111626,3339,2232,1414,1951,5078,7499,7659,8558,8036,6877,7186,8258,8177,9004,7918,7718,5570,3063,1473,616,111077,3307,2314,1471,1831,4815,7467,7640,8031,7980,7029,6929,8329,7955,8971,7821,7914,5902,3158,1561,652,110481,3248,2382,1553,1708,4578,7438,7576,7653,7811,7189,6758,8303,7691,8860,8097,7777,6234,3347,1602,676,109853,3169,2443,1640,1616,4327,7404,7593,7131,7660,7295,6784,7953,7800,8626,8183,7711,6434,3673,1721,690
용산구,225380,7592,7539,6861,8457,14673,20271,19855,19735,16679,18536,17896,17267,15593,10822,8461,7014,4888,2264,762,215,225647,6896,7533,6791,7567,14562,20737,20586,19268,17129,17443,18572,16891,16144,11645,8523,6792,4964,2572,799,233,221203,6108,7393,6578,7149,13736,20058,21056,18585,17176,15999,18810,16218,16075,12094,8478,6614,5235,2707,896,238,218319,5316,7014,6470,7076,12650,19365,21230,17983,17206,15299,18725,16010,16235,12872,8552,6713,5409,2955,971,268,215882,4679,6621,6448,6929,11743,18972,21364,17290,17266,14730,18159,16511,16040,13492,8796,6884,5470,3106,1078,304,213783,4414,5860,6530,6775,10870,18656,21386,17169,16536,14902,17482,16729,15746,13885,9464,7124,5437,3277,1218,323,211938,4280,5213,6484,6813,10018,18310,21274,17119,15922,15225,16486,17195,15264,14384,10276,7222,5348,3382,1371,352,210299,4305,4610,6315,6837,9762,17534,20841,17540,15251,15547,15523,17615,14971,14521,10883,7380,5323,3665,1475,401,208812,4494,4107,5978,6763,9783,16585,20510,17792,14747,15673,14984,17519,14789,14649,11553,7524,5488,3819,1620,435,207470,4759,3709,5649,6743,9669,15733,20188,18088,14250,15732,14483,17066,15264,14464,12109,7814,5674,3878,1710,488,206219,5056,3560,5031,6802,9567,14792,19845,18239,14297,15034,14674,16506,15465,14200,12501,8484,5914,3872,1836,544,205034,5331,3469,4539,6722,9690,13783,19444,18325,14284,14493,14971,15652,15892,13789,13026,9245,6028,3828,1906,617,203942,5595,3510,4054,6521,9751,13409,18547,18108,14718,13839,15288,14856,16276,13599,13207,9811,6216,3872,2094,671,202911,5834,3670,3675,6172,9672,13401,17502,17886,15005,13352,15417,14409,16217,13489,13386,10449,6380,4057,2203,735,201937,6048,3874,3369,5851,9636,13269,16614,17584,15351,12946,15413,13952,15871,13975,13263,10998,6673,4218,2247,785,201003,6226,4109,3251,5286,9685,13203,15637,17265,15522,13054,14695,14159,15411,14179,13058,11433,7291,4433,2252,854,200080,6344,4324,3170,4832,9563,13404,14624,16895,15668,13050,14164,14435,14673,14595,12716,11986,7966,4535,2233,903,199090,6369,4527,3219,4355,9270,13502,14314,16056,15514,13475,13499,14753,14004,14951,12595,12201,8467,4715,2301,1003,198075,6327,4710,3352,4001,8840,13412,14350,15145,15331,13773,13010,14881,13620,14929,12534,12413,9046,4881,2453,1067,197001,6218,4872,3529,3705,8431,13345,14241,14403,15056,14137,12656,14840,13204,14669,13022,12325,9557,5137,2564,1090,195880,6069,5008,3737,3572,7775,13374,14195,13542,14782,14308,12788,14133,13426,14286,13240,12165,9998,5657,2714,1111
성동구,294432,10642,10131,8764,11579,22395,26228,24310,25350,21280,23098,23462,23280,20970,14349,10998,8835,5431,2379,757,194,287580,9761,9767,8455,9946,21473,26380,23624,24056,21267,21294,23326,22175,21668,15184,11263,8547,5751,2611,828,204,281642,8696,9450,8270,9356,20248,25927,23318,22713,21468,19918,23328,21311,21587,15930,11174,8718,6189,2902,900,239,277297,7796,8947,8032,9297,18558,25694,23362,21662,21707,18949,23096,20641,21649,16858,11262,8738,6661,3155,977,256,274082,7023,8447,7994,8942,17291,25256,23761,21072,21540,18366,22319,21143,21046,17773,11599,8979,6761,3390,1089,291,271865,6512,7792,8083,8771,15810,25079,24253,20881,20771,18562,21431,21287,20543,18287,12430,9358,6848,3622,1230,315,270456,6285,7193,7919,8727,14463,24660,25118,20794,19970,19052,20318,21739,19766,19155,13406,9665,6629,3890,1360,347,269771,6370,6449,7738,8767,13977,23676,25400,21371,18994,19578,19600,22193,19409,19253,14249,9703,6897,4226,1532,389,269065,6693,5926,7311,8581,14047,22279,25518,22003,18310,19888,18934,22261,19058,19465,15206,9929,7010,4557,1665,424,268359,7138,5444,6928,8570,13753,21143,25262,22671,17979,19777,18526,21753,19725,19046,16126,10330,7298,4609,1800,481,267667,7637,5135,6379,8662,13668,19691,25104,23156,17972,19073,18769,21071,19959,18693,16690,11181,7675,4680,1932,540,267008,8110,5027,5881,8501,13755,18360,24570,23787,17996,18320,19246,20092,20449,18056,17572,12125,7944,4538,2078,601,266366,8547,5126,5271,8290,13879,17871,23450,23720,18558,17405,19722,19395,20880,17829,17706,12921,8037,4812,2272,675,265708,8937,5380,4887,7836,13703,17936,22059,23615,19118,16768,19992,18729,20954,17575,17981,13801,8299,4952,2457,729,265038,9272,5719,4499,7460,13689,17675,20996,23206,19649,16459,19844,18319,20512,18265,17654,14662,8682,5194,2482,800,264320,9556,6093,4269,6914,13756,17652,19625,22941,19985,16467,19107,18544,19924,18499,17387,15231,9476,5494,2533,867,263494,9740,6437,4198,6374,13520,17828,18393,22362,20460,16508,18324,18998,19038,18992,16848,16093,10315,5671,2456,939,262476,9785,6755,4284,5732,13167,18019,17971,21306,20281,17037,17403,19452,18390,19413,16709,16251,11018,5799,2664,1040,261283,9717,7034,4491,5338,12545,17839,18056,20035,20144,17544,16758,19693,17764,19500,16535,16565,11789,6044,2767,1125,259928,9559,7275,4757,4927,11982,17799,17826,19088,19729,18012,16447,19509,17384,19121,17223,16309,12545,6364,2926,1146,258431,9328,7480,5052,4677,11206,17785,17838,17845,19481,18302,16469,18749,17611,18618,17468,16110,13098,7024,3110,1180
광진구,355958,9263,11156,11664,15072,30273,37610,30579,27794,24853,28071,28363,27701,25246,17038,12430,9431,5796,2492,884,242,349926,7954,10412,11582,13000,29626,38668,30218,26294,24579,26070,28324,26546,26018,18385,12746,9278,6191,2836,948,251,346762,7137,9795,11226,12365,28260,38936,30996,24985,24889,24654,28277,26316,25889,19268,12916,9617,6732,3170,1061,273,343035,6615,8981,10793,12248,25589,38738,32161,24090,24977,23339,27976,25546,26285,20253,13359,9936,7208,3472,1153,316,339526,6111,8386,10492,11943,23258,38366,32942,23752,24592,22569,27034,26081,25683,21414,13695,10330,7401,3839,1289,349,336236,5895,7604,10343,11642,21076,37725,33575,23891,23600,22580,26046,25951,24902,22225,14963,10712,7555,4109,1440,402,333087,5908,6848,9950,11705,18967,36669,34347,23830,22795,22843,24647,26173,24094,23091,16242,11084,7456,4370,1638,430,330082,6046,6263,9534,11505,18281,34533,34267,24646,21587,23373,23483,26233,23883,23127,17116,11324,7824,4754,1822,481,327221,6337,5845,8879,11234,18174,32045,33930,25549,20848,23563,22383,26060,23168,23546,18099,11782,8158,5109,1980,532,324513,6751,5416,8392,11039,17868,29969,33422,26082,20532,23284,21771,25280,23773,23000,19221,12144,8533,5261,2179,596,321974,7196,5213,7662,10978,17641,27886,32767,26559,20641,22373,21854,24457,23711,22373,20018,13361,8912,5379,2319,674,319628,7614,5181,6944,10652,17867,25811,31918,27094,20590,21577,22195,23227,24036,21707,20902,14533,9244,5303,2472,761,317482,8004,5253,6359,10260,17813,25198,30141,26875,21334,20404,22744,22229,24204,21596,21027,15356,9493,5630,2718,844,315499,8351,5478,5922,9614,17599,25143,28192,26563,22047,19707,22931,21284,24154,21027,21498,16301,9930,5911,2929,918,313684,8659,5813,5478,9132,17434,24915,26665,26098,22491,19389,22658,20774,23522,21731,21038,17366,10280,6210,3015,1016,312026,8921,6179,5264,8397,17453,24780,24996,25595,22914,19480,21764,20909,22841,21766,20565,18134,11390,6515,3073,1090,310410,9087,6522,5208,7654,17127,25145,23343,24960,23357,19440,20956,21292,21749,22180,20015,19015,12405,6749,3028,1178,308763,9126,6841,5264,7017,16606,25217,23005,23568,23124,20158,19814,21839,20886,22422,19969,19194,13149,6993,3264,1307,307029,9058,7123,5473,6536,15801,25065,23035,22150,22860,20789,19150,22008,20065,22462,19521,19683,14013,7377,3447,1413,305203,8909,7369,5790,6061,15131,24890,22872,21051,22446,21222,18821,21747,19628,21950,20292,19294,14959,7675,3635,1461,303255,8697,7576,6136,5819,14125,24872,22772,19733,22027,21628,18903,20874,19796,21383,20380,18947,15677,8584,3834,1492
동대문구,352888,10088,11086,10575,14914,34269,33059,25646,26610,23920,26452,26241,26329,25677,19016,14913,12250,7353,3213,999,278,347913,9106,10672,10514,12090,33885,34730,25714,25135,24015,24646,26416,24869,26155,20194,15131,11906,7854,3553,1059,269,346681,8368,10370,10377,11508,32884,35884,26265,24031,24607,23412,26388,24479,25845,20985,15195,12101,8599,3917,1167,299,342569,7630,9716,10088,11237,29568,36515,27227,23046,24732,22359,26487,23895,25672,21814,15391,12145,9155,4262,1294,336,338547,7027,9179,9852,10905,26649,36363,27900,22673,24463,21807,25654,24568,24796,22740,15780,12484,9279,4601,1454,373,334658,6601,8443,9788,10737,23529,35940,28715,22737,23385,21783,24931,24607,24150,23190,16868,12868,9453,4884,1634,415,330957,6458,7627,9592,10814,20556,35060,29456,22816,22326,22274,23636,25053,23235,24040,18149,13155,9229,5210,1826,445,327553,6571,6969,9219,10808,19326,32552,29684,23333,21211,22751,22688,25334,23085,23974,19042,13321,9475,5711,2005,494,324532,6875,6390,8627,10643,18893,29778,29700,24099,20306,22873,21803,25579,22687,24101,20018,13653,9653,6111,2191,552,321841,7294,5938,8144,10473,18474,27538,29228,24563,19972,22627,21332,24891,23450,23502,21069,14129,10026,6199,2371,621,319541,7757,5616,7468,10482,18321,25121,28811,25134,20022,21631,21362,24281,23586,23031,21676,15262,10422,6334,2527,697,317558,8185,5527,6751,10318,18523,22991,28078,25602,20095,20685,21884,23071,24093,22244,22644,16519,10688,6185,2699,776,315844,8576,5630,6189,9933,18613,22384,26204,25611,20618,19649,22350,22193,24416,22162,22710,17403,10909,6455,2985,854,314327,8920,5886,5692,9361,18435,22260,24436,25431,21326,18830,22488,21353,24671,21825,22967,18381,11268,6661,3200,936,312956,9215,6238,5301,8905,18289,22055,23018,24934,21729,18541,22269,20891,24043,22623,22499,19433,11734,6975,3241,1023,311684,9466,6622,5023,8242,18343,21967,21323,24575,22215,18583,21309,20943,23503,22810,22134,20105,12798,7302,3319,1102,310362,9625,6972,4960,7498,18085,22251,19836,23930,22570,18661,20399,21476,22362,23359,21440,21126,13900,7493,3230,1189,308912,9653,7292,5051,6881,17497,22392,19525,22455,22500,19173,19383,21933,21551,23728,21418,21276,14697,7734,3450,1323,307309,9572,7571,5272,6348,16695,22233,19492,21134,22272,19833,18593,22090,20752,24006,21146,21610,15596,8063,3606,1425,305542,9396,7815,5574,5925,15962,22067,19340,20010,21810,20206,18313,21878,20312,23443,21968,21252,16557,8455,3803,1456,303584,9150,8018,5904,5614,14919,22046,19269,18623,21498,20656,18355,20942,20390,22963,22205,20966,17231,9327,4006,1502
중랑구,384528,11033,12369,11977,14573,23732,31697,28455,29265,26321,29877,32882,34791,32359,23042,17290,12890,7497,3146,1060,272,381449,10003,11815,11752,13395,22503,32163,28886,27711,26761,27899,32924,33242,33889,24792,17815,12875,8110,3474,1154,286,379259,9253,11296,11575,12784,21206,31686,30267,26835,27363,26384,32447,32354,33975,25883,18121,13382,9004,3902,1230,312,377982,8643,10715,11284,12449,20034,30892,31741,26271,27665,25183,31906,31373,34310,27362,18616,13689,9867,4284,1340,358,376454,7988,10218,11019,12141,18998,29978,32599,26241,27338,24475,30737,31983,33549,28778,19306,14345,10169,4707,1487,398,374744,7668,9462,10795,11956,17826,29200,33058,26422,26197,24866,29490,31781,32556,29828,20949,15084,10378,5113,1670,445,372895,7560,8583,10536,11872,16644,28348,33198,26648,25038,25456,28042,32041,31163,31322,22691,15597,10308,5497,1866,485,370888,7613,7799,10091,11792,16037,27041,32580,27255,23935,26095,26915,32077,30674,31700,23803,16001,10748,6137,2071,524,369009,7882,7178,9547,11550,15801,25578,31725,28101,23080,26366,25849,31894,29937,32103,25264,16535,11080,6708,2252,579,367245,8291,6584,9078,11333,15534,24208,30898,28508,22803,26068,25190,31012,30723,31468,26661,17230,11685,6864,2465,642,365568,8744,6305,8371,11179,15349,22692,30199,28798,22812,24997,25529,29965,30706,30648,27741,18806,12339,6994,2670,724,363948,9153,6207,7583,10957,15347,21158,29423,28987,22946,23906,26074,28607,31125,29462,29224,20434,12765,6929,2856,805,362398,9526,6274,6910,10514,15349,20424,28076,28603,23526,22828,26701,27474,31302,29148,29636,21513,13176,7322,3209,887,360923,9860,6512,6388,9977,15117,20265,26458,28025,24312,21965,26970,26422,31263,28562,30118,22920,13692,7627,3502,968,359479,10146,6861,5887,9495,14914,20041,25044,27420,24684,21672,26685,25757,30508,29454,29605,24264,14332,8091,3553,1066,358073,10390,7240,5659,8778,14819,19886,23509,26871,25010,21673,25619,26069,29579,29564,28936,25360,15761,8566,3623,1161,356627,10543,7583,5571,7985,14592,20025,21960,26221,25251,21806,24513,26614,28298,30096,27933,26812,17171,8832,3572,1249,355086,10564,7897,5630,7310,14082,20146,21348,24943,24951,22367,23391,27260,27209,30389,27752,27246,18138,9212,3846,1405,353451,10470,8175,5843,6779,13460,19930,21333,23463,24502,23126,22469,27539,26201,30466,27304,27769,19402,9643,4049,1528,351704,10286,8415,6152,6273,12864,19750,21158,22260,24010,23505,22146,27249,25565,29819,28267,27351,20604,10155,4313,1562,349851,10032,8618,6491,6035,12014,19693,21039,20901,23560,23870,22146,26163,25869,28991,28470,26833,21653,11283,4578,1612
성북구,441745,13104,16453,16579,23190,39549,36305,28954,32078,31188,37549,34695,32187,30244,22073,17907,14712,9257,4043,1374,304,436199,11919,16040,16668,19307,39954,36964,28783,30503,31349,35268,35805,30539,31159,23526,17964,14332,9745,4537,1508,329,435394,10872,15340,16501,18643,39073,37811,29592,28945,31833,33499,36742,30655,31138,24443,17964,14553,10778,5000,1622,390,430415,9842,14352,15966,18133,36225,38183,30333,27759,31765,31407,37329,30405,31008,25730,18140,14611,11529,5436,1810,452,425299,8920,13454,15484,17486,33485,38201,31174,26834,31196,29936,36537,31677,30309,26966,18493,14999,11682,5981,1964,521,420115,8304,12268,15223,16983,30069,38646,31675,26734,29622,29587,35451,32258,29504,27477,19736,15650,11780,6318,2244,586,414911,8013,10939,14703,17012,26473,38612,32468,26544,28248,29719,33466,33303,28332,28544,21338,15806,11505,6720,2520,646,409810,8037,9882,13915,16658,25257,36369,32697,27239,26651,30034,31588,33846,28401,28512,22209,15860,11767,7434,2742,712,405116,8365,8979,13010,16190,24663,33883,32653,27945,25567,30050,29742,34236,28052,28529,23477,16113,11929,7963,2974,796,400845,8872,8213,12174,15768,23984,31641,32356,28691,24780,29566,28515,33387,29175,27990,24678,16518,12335,8066,3261,875,396986,9455,7714,11096,15587,23566,28969,32350,29105,24794,28131,28334,32383,29611,27314,25274,17761,12932,8156,3449,1005,393526,10008,7508,9924,15137,23762,26421,31834,29777,24693,26895,28592,30594,30519,26303,26426,19279,13077,7969,3688,1120,390414,10525,7578,9025,14409,23597,25889,29818,29746,25458,25416,29014,29007,30988,26426,26516,20143,13251,8282,4101,1225,387599,10987,7896,8254,13566,23246,25589,28051,29519,26166,24427,29096,27482,31341,26092,26692,21390,13569,8500,4398,1338,385035,11395,8364,7600,12780,22913,25237,26437,29105,26873,23753,28670,26519,30548,27192,26291,22568,14012,8865,4444,1469,382638,11743,8889,7188,11756,22837,25008,24480,28910,27251,23838,27316,26495,29696,27591,25733,23245,15226,9355,4503,1578,380291,11976,9380,7034,10607,22360,25353,22666,28255,27854,23781,26155,26856,28116,28444,24872,24446,16579,9454,4401,1702,377861,12039,9838,7120,9698,21525,25338,22416,26542,27712,24560,24749,27330,26776,28898,25034,24612,17390,9708,4675,1901,375337,11958,10245,7419,8913,20498,25114,22203,25131,27448,25257,23821,27444,25499,29251,24739,24902,18548,10041,4861,2045,372718,11756,10599,7845,8261,19476,24834,22016,23741,27003,25942,23220,27055,24717,28539,25834,24607,19628,10456,5105,2084,369977,11456,10900,8321,7843,18136,24767,21882,22087,26740,26310,23352,25795,24785,27819,26225,24150,20355,11505,5416,2133
강북구,302105,7087,9229,9719,12184,20205,22900,18639,20368,20685,25233,25422,25796,24901,18936,15790,13175,7614,2952,1002,268,294628,6133,8479,9415,11095,19012,22774,18261,18772,20021,23341,25386,24430,25706,19988,16058,12845,8172,3402,1052,286,288257,5384,7773,9088,10444,18072,22186,18508,17225,19723,21477,25514,23851,25263,20460,16090,12879,9094,3780,1150,296,284312,4811,7003,8736,10065,17146,21782,19201,16234,19246,20051,25331,23395,25331,21373,16017,12998,9809,4229,1224,330,281112,4473,6295,8315,9732,16271,21388,19668,15807,18596,19053,24581,23910,24715,22352,16079,13469,10046,4635,1340,387,278538,4289,5631,8067,9424,15108,21221,20092,15713,17484,18826,23713,23909,23898,22926,17230,13773,10324,4960,1531,419,276497,4268,5064,7554,9332,14060,20820,20534,15820,16609,18785,22360,24314,22932,23924,18396,14140,10035,5331,1769,450,274917,4365,4581,7085,9223,13333,20136,20491,16559,15640,18937,21039,24769,22764,23892,19107,14334,10215,5984,1968,495,273374,4564,4217,6529,8991,13051,19109,20334,17292,15004,18794,19923,24748,22434,24164,20156,14429,10445,6463,2192,535,271867,4856,3981,6014,8677,12765,18128,20052,17788,14756,18416,19123,24173,23043,23700,21233,14662,10905,6601,2393,601,270403,5176,3821,5474,8538,12506,16878,19870,18206,14753,17495,19015,23426,23160,23032,21927,15875,11217,6789,2565,680,269010,5474,3799,4953,8116,12516,15747,19433,18569,14877,16717,19098,22177,23634,22196,22998,17051,11547,6568,2766,774,267698,5747,3868,4488,7699,12481,15090,18646,18445,15501,15776,19355,20958,24096,22096,23069,17811,11781,6813,3123,855,266463,5998,4030,4142,7167,12261,14990,17548,18263,16086,15156,19312,19949,24108,21825,23424,18876,11960,7062,3361,945,265277,6213,4275,3905,6679,11991,14780,16652,17953,16490,14888,19008,19222,23598,22479,23042,19951,12275,7426,3414,1036,264134,6399,4540,3731,6146,11910,14596,15531,17747,16838,14879,18131,19182,22902,22681,22469,20706,13425,7691,3508,1122,263015,6523,4788,3698,5584,11512,14727,14542,17312,17145,15001,17352,19350,21736,23205,21732,21810,14481,7919,3376,1222,261836,6564,5017,3748,5080,11077,14769,14073,16542,17007,15567,16401,19689,20621,23695,21688,21959,15210,8154,3594,1381,260586,6525,5217,3896,4699,10482,14585,14114,15540,16828,16105,15771,19704,19714,23749,21473,22365,16193,8364,3772,1490,259267,6420,5392,4125,4421,9916,14376,13936,14789,16519,16497,15488,19444,19055,23306,22182,22039,17171,8679,3987,1525,257868,6262,5543,4372,4215,9246,14331,13820,13806,16313,16833,15484,18584,19075,22668,22461,21560,17929,9626,4160,1580
도봉구,318960,8367,10801,11253,14129,20839,22678,18960,21682,21092,26415,27707,28042,27865,19757,14961,11937,7506,3429,1233,307,310752,7246,10111,10991,12837,19534,22108,18508,19902,20857,24301,27688,26402,28524,21207,15371,11706,7971,3822,1341,325,304805,6336,9309,10672,12019,18169,21427,18938,18339,20973,22403,27583,25905,28008,22303,15585,11977,8894,4135,1461,369,300420,5644,8502,10194,11611,16800,20885,19659,17320,20649,21004,27225,25264,27877,23479,15905,12321,9579,4486,1591,425,296960,5160,7764,9763,11004,15924,20396,19979,16932,20164,19915,26109,26048,26909,24745,16495,12720,9778,4941,1729,485,294251,4875,6895,9538,10733,14786,20028,20344,16808,19121,19649,25018,26142,25892,25310,18011,13397,9910,5376,1885,533,292191,4882,6093,9034,10682,13811,19477,20549,16990,18075,19878,23408,26481,24810,26358,19536,13897,9757,5758,2146,569,290725,4984,5552,8428,10527,13287,18758,20400,17635,16973,20270,22020,26642,24634,26171,20710,14245,10073,6431,2345,640,289367,5196,5110,7869,10214,13134,17723,20083,18373,16269,20176,20922,26507,24186,26309,21957,14668,10453,6939,2568,711,288088,5515,4783,7303,9916,12694,17003,19751,18739,16019,19897,20044,25613,25073,25584,23283,15291,10869,7080,2843,788,286892,5867,4571,6578,9787,12541,15883,19461,19148,15977,18987,19928,24707,25251,24795,23975,16776,11520,7190,3077,873,285763,6202,4586,5885,9352,12558,14872,18990,19367,16167,18038,20237,23251,25673,23890,25133,18243,11948,7082,3300,989,284681,6513,4652,5389,8805,12457,14339,18236,19243,16738,17003,20642,22003,25919,23793,25092,19380,12300,7401,3692,1084,283663,6793,4837,4969,8284,12175,14252,17161,18959,17395,16330,20591,21003,25881,23421,25376,20593,12736,7739,3978,1190,282698,7046,5123,4657,7729,11918,13896,16431,18649,17722,16070,20355,20193,25121,24328,24801,21896,13316,8087,4043,1317,281770,7257,5440,4450,7026,11838,13827,15309,18360,18112,16035,19453,20150,24340,24548,24161,22643,14691,8603,4102,1425,280828,7401,5735,4453,6341,11437,13904,14359,17914,18321,16219,18523,20504,22999,25038,23367,23844,16002,8895,4031,1541,279830,7445,6009,4500,5834,10911,13899,13914,17154,18205,16752,17514,20928,21868,25362,23326,23921,17037,9230,4295,1726,278757,7399,6254,4672,5389,10375,13681,13912,16122,17939,17375,16842,20926,20951,25415,23022,24305,18148,9628,4537,1865,277633,7280,6473,4935,5057,9781,13480,13653,15436,17643,17702,16565,20722,20209,24771,23964,23839,19341,10106,4765,1911,276418,7099,6651,5231,4829,9041,13444,13651,14370,17362,18096,16539,19826,20231,24080,24235,23328,20106,11249,5092,1958
노원구,516456,14419,19641,23563,30042,39625,34881,29820,34671,37370,47798,44953,40865,37974,27168,20243,15982,10360,4929,1721,431,504709,12621,18417,23027,26948,38107,34752,29458,32316,36799,44075,45704,38809,39072,29310,20946,15682,10968,5388,1856,454,495916,11204,17207,22128,25966,36681,33834,30087,30211,36256,41228,46051,38016,38865,30566,21424,16047,11858,5779,1998,510,488572,10150,15853,20983,25228,34432,33749,31209,28812,35650,38605,45626,37241,38930,32190,21955,16427,12597,6223,2137,575,482255,9384,14633,20215,23886,32681,33657,31779,28295,34838,36254,44238,38664,37552,33747,22863,17164,12750,6692,2335,628,476853,8844,13265,19807,23003,30404,33748,32254,28366,33016,35532,42266,39209,36454,34432,24845,18031,13057,7076,2545,699,472208,8700,11847,19008,22700,28016,33528,32893,28485,31442,35685,39252,40143,35001,35879,26916,18774,12862,7525,2792,760,468274,8798,10762,18136,22247,26869,32223,32821,29381,29836,35813,37084,40579,34592,35970,28252,19397,13357,8286,3037,834,464611,9183,9884,16988,21517,26370,30409,32775,30432,28639,35668,35065,40360,34039,36290,29981,20047,13864,8889,3303,908,461189,9763,9221,15908,21020,25315,29025,32505,30978,28207,35117,33295,39276,35471,35228,31622,21005,14599,9049,3584,1001,458010,10422,8719,14570,20769,24789,27037,32323,31484,28299,33437,33020,37680,35962,34397,32494,22960,15429,9298,3814,1107,455034,11055,8586,13101,20088,24774,25084,31796,32048,28428,31932,33403,35191,36845,33141,34083,24959,16069,9152,4077,1222,452253,11640,8654,11938,19235,24558,24316,30330,31861,29297,30325,33682,33481,37290,32878,34323,26295,16666,9623,4523,1338,449631,12168,8991,10994,18066,24027,24102,28605,31643,30313,29124,33663,31816,37196,32441,34790,28003,17286,10081,4866,1456,447198,12628,9509,10261,16981,23701,23431,27287,31173,30879,28688,33175,30397,36300,33852,33938,29642,18174,10650,4944,1588,444897,13017,10107,9709,15622,23550,23230,25414,30835,31431,28771,31590,30356,34950,34327,33294,30644,19979,11296,5072,1703,442624,13272,10674,9549,14125,22936,23420,23697,30189,31978,28915,30219,30824,32830,35201,32194,32309,21762,11726,4969,1835,440324,13342,11197,9600,12945,22111,23390,23098,28728,31765,29808,28714,31175,31417,35699,32046,32655,23019,12243,5331,2041,437986,13252,11672,9941,11977,20947,23046,23006,27102,31487,30831,27609,31251,29965,35729,31712,33232,24601,12780,5644,2202,435599,13029,12084,10474,11214,19854,22825,22549,25843,30959,31428,27223,30842,28770,34989,33125,32549,26115,13500,5974,2253,433137,12702,12431,11100,10655,18433,22719,22529,24093,30582,32002,27319,29388,28863,33817,33630,32058,27170,14968,6356,2322
은평구,461528,13510,16554,17282,20747,28178,35614,31584,35603,34231,39498,37532,36444,35113,25815,20853,16643,10316,4266,1405,340,458946,11945,15942,17159,19490,27440,36103,32009,33455,34298,37519,38664,34989,36580,27673,21344,16529,11055,4880,1507,365,456486,10872,15080,16778,19026,26299,35542,32926,31658,34737,35497,39643,34835,36693,28804,21438,16886,12143,5531,1696,402,454878,10121,14055,16248,18633,25439,34749,34426,30323,34750,33792,40239,34545,36864,30215,21697,17232,13128,6148,1802,472,453471,9380,13294,15701,18006,24655,34110,35610,29724,34401,32352,39470,35991,36002,31867,22429,17782,13392,6757,2011,537,452213,9012,12003,15512,17751,23441,33661,36346,29950,32643,32487,38467,36696,35058,32875,24001,18569,13564,7261,2329,587,451046,8925,10766,15107,17638,22152,33170,36784,30445,31158,32822,36628,37775,33924,34476,25776,19051,13458,7703,2645,643,449944,9056,9881,14333,17302,21580,31989,36837,31484,29664,33394,34753,38618,33863,34868,27077,19274,13799,8466,2982,724,448826,9425,9187,13427,16807,21285,30768,36297,32809,28478,33529,33203,39085,33559,35270,28624,19672,14210,9132,3273,786,447691,10004,8522,12726,16330,20767,29457,35809,33770,27967,33269,31913,38289,34918,34648,30369,20470,14735,9264,3576,888,446544,10647,8186,11512,16209,20593,27726,35298,34395,28169,31656,32122,37320,35536,33897,31519,22062,15465,9381,3833,1018,445424,11259,8095,10383,15837,20581,25982,34616,34845,28522,30324,32513,35571,36536,32910,33233,23824,15891,9290,4065,1147,444332,11826,8209,9550,15110,20392,25220,33109,34802,29425,28889,33175,33861,37346,32899,33730,25140,16193,9651,4516,1289,443271,12332,8538,8881,14250,20017,24998,31497,34220,30582,27745,33369,32487,37785,32631,34254,26687,16662,10059,4874,1403,442238,12775,9046,8252,13546,19639,24627,29913,33719,31379,27261,33133,31342,37037,33982,33785,28408,17445,10486,4916,1547,441213,13152,9599,7933,12327,19623,24538,28082,33151,31930,27442,31581,31626,36160,34594,33178,29620,18945,11070,4986,1676,440134,13397,10118,7833,11196,19280,24674,26309,32438,32362,27727,30314,32081,34513,35581,32321,31360,20550,11361,4920,1799,438914,13467,10596,7933,10320,18530,24693,25639,30896,32266,28567,28876,32805,32962,36397,32362,31907,21775,11687,5218,2018,437564,13380,11025,8237,9606,17628,24431,25569,29286,31697,29642,27742,33035,31734,36850,32143,32513,23201,12150,5516,2179,436084,13167,11397,8709,8949,16834,24143,25320,27777,31221,30370,27263,32818,30699,36179,33504,32159,24776,12810,5767,2222,434440,12847,11718,9220,8615,15547,24183,25269,26078,30664,30896,27420,31310,31045,35384,34147,31669,25970,14045,6131,2282
서대문구,317188,9500,10835,10396,14873,29941,29617,22679,23299,21512,25102,24460,23305,21430,15306,12706,10762,7170,3044,999,252,313930,8746,10766,10292,12544,29184,30785,22984,22439,21660,23497,24935,22261,22203,16264,12734,10362,7446,3484,1072,272,312135,8009,10496,10108,11816,27902,31467,23547,21615,22170,22041,25281,22056,22197,16975,12472,10505,8119,3885,1166,308,308291,7214,9941,10046,11292,25122,31423,24331,20683,22354,21005,25368,21723,22306,17800,12685,10526,8623,4216,1290,343,304985,6641,9298,10057,10826,22632,31079,24956,20281,22328,20135,24814,22452,21743,18900,12977,10812,8603,4628,1444,379,302149,6232,8519,10118,10698,19962,30774,25507,20200,21594,20270,23977,22737,21399,19510,13853,11166,8635,4891,1670,437,299679,6079,7731,10017,10796,17885,29686,26144,20242,20707,20804,22723,23410,20708,20529,14911,11379,8416,5121,1916,475,297615,6188,7039,9732,10734,17105,27716,26212,20786,19797,21400,21633,23942,20669,20690,15743,11303,8663,5619,2121,523,295770,6471,6442,9253,10709,16728,25679,26042,21558,18973,21604,20836,24164,20401,20942,16655,11647,8784,6006,2296,580,294114,6849,6010,8708,10671,16373,23885,25653,22093,18662,21571,20119,23749,21149,20524,17797,12002,9111,6006,2530,652,292672,7262,5682,8018,10711,16317,21911,25334,22542,18622,20803,20333,23044,21447,20255,18479,12921,9485,6068,2682,756,291429,7635,5594,7283,10591,16519,20379,24473,23007,18707,19928,20843,21930,22091,19627,19533,13996,9691,5924,2823,855,290374,7980,5701,6649,10264,16548,19878,23060,22910,19246,19042,21375,20950,22578,19631,19749,14826,9724,6194,3127,942,289456,8285,5948,6115,9753,16491,19734,21638,22668,19960,18252,21553,20221,22783,19404,20081,15735,10111,6353,3345,1026,288633,8552,6284,5724,9206,16398,19581,20407,22268,20424,17971,21487,19559,22401,20163,19755,16855,10473,6642,3345,1138,287874,8781,6650,5424,8529,16457,19559,18984,21947,20827,17947,20671,19804,21770,20471,19548,17550,11378,6957,3396,1224,287086,8928,6982,5356,7770,16264,19800,17842,21231,21220,18056,19792,20284,20765,21100,18977,18609,12374,7108,3318,1310,286182,8963,7291,5452,7111,15762,19899,17492,20134,21071,18586,18906,20779,19896,21572,19019,18864,13149,7224,3547,1465,285139,8900,7564,5671,6571,15067,19828,17456,18978,20823,19263,18127,20944,19238,21785,18832,19247,14004,7592,3679,1570,283957,8757,7804,5976,6167,14339,19676,17356,17974,20430,19700,17856,20851,18627,21446,19601,18993,15030,7908,3872,1594,282629,8544,8008,6317,5855,13416,19675,17318,16789,20118,20083,17843,20010,18899,20874,19926,18837,15710,8691,4079,1637
마포구,367091,12183,13093,13002,15043,28357,36181,32561,32600,28455,31188,27287,24972,22153,15534,12692,10693,6820,3061,979,237,365136,10948,12904,12989,13690,27788,37398,32463,31365,28678,29810,28413,24156,22892,16701,12696,10325,7163,3417,1096,244,361999,9797,12438,12726,13255,26545,37836,33107,29811,28782,28408,29283,23927,22720,17366,12672,10353,7760,3721,1210,282,358810,8860,11612,12257,13218,24600,37795,34338,28740,28848,26836,29772,23669,23096,18104,12720,10377,8291,4017,1336,324,356000,8070,11031,11826,12937,23102,37348,35337,28106,28585,25843,29412,24536,22664,19087,12938,10638,8388,4320,1460,372,353509,7688,10087,11747,12759,21223,36992,36304,27985,27616,25634,28652,24971,22324,19658,13810,10918,8510,4598,1618,415,351255,7695,9017,11471,12719,19696,35937,37336,28056,26652,25878,27312,25842,21625,20548,14980,11076,8234,4884,1836,461,349203,7935,8173,11134,12539,19041,34213,37368,28988,25513,26249,26141,26676,21524,20567,15707,11205,8352,5349,2014,515,347147,8361,7561,10458,12233,19036,32188,37101,30052,24655,26452,24881,27034,21297,20988,16499,11375,8495,5737,2169,575,345117,8901,6993,10002,11929,18744,30482,36513,30824,24183,26254,24146,26647,22136,20596,17511,11681,8807,5790,2341,637,343141,9469,6721,9148,11943,18613,28382,36018,31529,24183,25327,24106,25945,22504,20315,18121,12586,9129,5893,2496,713,341241,9979,6726,8217,11704,18735,26603,34984,32182,24297,24390,24478,24743,23256,19693,19044,13703,9315,5716,2667,809,339445,10445,6883,7489,11356,18728,25802,33343,31938,25127,23285,24908,23736,23927,19660,19148,14426,9502,5905,2947,890,337758,10863,7219,6944,10688,18477,25834,31365,31612,25995,22477,25133,22679,24177,19470,19626,15239,9732,6098,3166,964,336168,11229,7654,6434,10241,18248,25573,29782,31024,26607,22053,24919,22106,23798,20276,19298,16249,10074,6373,3178,1052,334655,11540,8114,6197,9397,18345,25489,27847,30560,27157,22098,23983,22161,23180,20610,19092,16881,10965,6663,3243,1133,333136,11740,8532,6184,8502,18063,25777,26205,29675,27638,22220,23050,22598,22126,21298,18541,17823,11980,6815,3144,1225,331532,11783,8916,6299,7785,17555,25931,25547,28272,27349,22981,21976,23046,21274,21878,18559,17994,12663,7034,3331,1359,329800,11694,9259,6587,7228,16708,25721,25696,26578,27068,23740,21200,23263,20383,22093,18409,18500,13434,7280,3496,1463,327945,11503,9557,6964,6715,16046,25519,25452,25297,26533,24280,20812,23030,19925,21758,19203,18226,14369,7593,3681,1482,325961,11229,9808,7369,6470,14920,25578,25400,23654,26131,24763,20884,22112,20039,21228,19530,18081,15002,8359,3874,1530
양천구,441402,12583,19380,23609,25432,27439,29633,26241,31191,34810,42426,39187,35860,32121,23052,16162,11090,6664,3140,1109,273,435359,11107,18609,23787,24338,25784,29052,25553,29236,34736,40135,39723,34426,33564,24899,17185,11157,7115,3470,1180,303,428236,9688,17470,23367,23563,24495,27925,25816,26908,34630,37923,39964,33835,33471,26135,17953,11852,7811,3784,1320,326,424369,8758,16052,22781,23517,23397,27233,26921,25296,34163,36235,39894,33026,33970,27450,18701,12562,8458,4110,1465,380,421246,7939,14897,22363,23065,22689,26543,27657,24588,33430,34894,38777,34036,33171,28910,19421,13607,8721,4464,1635,439,418736,7477,13553,21964,22719,22004,26010,28285,24667,31723,34679,37581,34006,32431,29746,21165,14476,9151,4807,1802,490,416622,7355,12189,21173,22871,21301,25249,28793,24930,30265,34888,35656,34675,31180,31150,22849,15263,9130,5158,2016,531,414811,7485,10969,20219,22685,20852,24738,28624,26040,28684,35376,33918,35037,30854,31177,23986,15923,9758,5704,2192,590,412963,7841,10144,18765,22228,21033,23723,28287,27302,27535,35243,32628,35073,30070,31654,25230,16603,10385,6183,2374,662,411074,8370,9374,17564,21889,20675,22974,27759,28113,27093,34710,31592,34172,31042,30900,26633,17274,11251,6362,2582,745,409151,8974,8917,16079,21522,20452,22023,27258,28784,27297,33089,31622,33218,31021,30258,27488,18906,11979,6658,2779,827,407217,9561,8777,14517,20814,20672,20973,26500,29266,27569,31666,31986,31584,31719,29142,28910,20446,12605,6610,2975,925,405308,10107,8882,13136,19902,20558,20358,25725,29034,28586,30070,32537,30164,32118,28946,29038,21537,13179,7117,3303,1011,403469,10607,9226,12198,18492,20216,20507,24346,28655,29762,28918,32463,29114,32250,28294,29610,22755,13778,7595,3579,1104,401695,11046,9767,11316,17337,19973,20152,23361,28088,30533,28480,31993,28238,31500,29326,28988,24123,14392,8210,3660,1212,400042,11429,10396,10791,15881,19718,20040,22131,27581,31203,28685,30478,28378,30716,29383,28491,25012,15862,8739,3819,1309,398438,11697,11000,10624,14388,19176,20320,20874,26843,31684,28950,29216,28790,29276,30141,27525,26431,17178,9156,3758,1411,396798,11803,11560,10731,13121,18424,20289,20256,25918,31448,29973,27770,29357,28066,30591,27433,26613,18157,9613,4105,1570,395147,11768,12067,11110,12266,17246,20070,20418,24395,31035,31136,26749,29345,27148,30807,26899,27227,19268,10094,4398,1701,393460,11614,12506,11724,11437,16339,19887,20102,23369,30430,31887,26394,28965,26358,30175,27978,26711,20507,10589,4742,1746,391750,11359,12885,12433,10985,15107,19724,20086,22036,29883,32527,26602,27597,26557,29498,28109,26343,21374,11774,5047,1824
강서구,569177,19070,21980,20466,23114,32817,50889,49131,49810,43726,45134,41592,43881,43268,30906,22505,15023,9237,4482,1739,407,560939,16413,20968,20299,21724,31315,51341,49580,46826,43868,43056,41964,40597,44439,33123,23319,15116,9803,4870,1856,462,555229,14794,19396,20240,20850,30092,50524,51015,44307,44475,41101,42276,39303,43654,34577,23970,16363,10630,5202,1950,510,554566,13748,17702,19657,20675,29029,49945,53916,42894,44657,39596,42932,38010,43425,36368,24854,17321,11565,5617,2073,582,554145,13028,16187,19286,20271,28102,48935,55918,42689,43942,38595,42485,39107,41855,38388,25874,18529,11901,6211,2175,667,553983,12711,14727,19034,20004,26892,47760,57143,43422,41943,39216,41901,39035,40736,39343,27971,19876,12472,6637,2440,720,554012,13014,13043,18538,20091,25620,46304,57837,44329,40392,39957,40523,40241,38638,41199,30322,20754,12587,7125,2723,775,554182,13496,12188,17401,20186,24861,44392,57196,46281,38544,40952,39196,41368,38264,41195,31928,21397,13697,7803,2996,841,554203,14183,11536,16202,19785,24936,42234,55995,48401,37339,41227,37938,42203,37400,41454,33818,22306,14509,8535,3275,927,554031,15101,11035,15044,19561,24657,40320,54626,49709,37118,40657,37085,41859,38754,40356,35890,23304,15530,8784,3632,1009,553697,16046,10769,13822,19420,24473,38154,53279,50559,37644,38855,37674,41290,38900,39553,37014,25356,16669,9195,3886,1139,553172,16895,10975,12315,18990,24697,35940,51812,51109,38233,37425,38352,39872,40169,37768,38996,27575,17364,9240,4174,1271,552523,17661,11264,11528,17924,24871,34728,49696,50535,39776,35639,39297,38492,41193,37603,39151,29118,18003,10071,4579,1394,551751,18337,11778,10848,16811,24476,34757,47041,49596,41425,34483,39539,37231,41910,36872,39629,30952,18853,10672,5016,1525,550873,18913,12501,10319,15712,24272,34431,44754,48503,42399,34206,39013,36373,41468,38296,38778,32938,19754,11423,5136,1684,549933,19399,13259,10018,14505,24189,34262,42237,47432,43103,34590,37310,36898,40812,38542,38163,34127,21639,12271,5361,1816,548801,19698,13942,10155,13005,23761,34677,39717,46229,43598,35020,35939,37538,39337,39823,36629,36124,23575,12722,5346,1966,547425,19747,14573,10357,12183,22659,34976,38556,44206,43094,36372,34184,38478,37945,40799,36628,36379,24969,13291,5859,2170,545819,19591,15126,10796,11428,21516,34577,38755,41689,42345,37783,33047,38730,36708,41471,36016,36997,26644,13993,6229,2378,543970,19267,15597,11440,10837,20359,34385,38435,39670,41453,38617,32723,38258,35854,40998,37498,36330,28425,14716,6666,2442,541942,18825,15996,12111,10483,19048,34307,38294,37389,40597,39273,33029,36621,36342,40321,37840,35867,29609,16273,7169,2548
구로구,434846,14422,15789,14345,15913,23737,33008,33980,35670,32869,35655,35530,37467,36074,25766,18857,13162,7842,3392,1100,268,429461,12891,14854,14259,15041,22456,32838,33814,33769,32459,33708,35865,36166,36872,27738,19734,13158,8432,3898,1216,293,423976,11613,13988,14196,14296,21546,31738,33815,32167,32606,31838,35912,35411,36297,29140,20261,13846,9343,4280,1349,334,417020,10478,12742,13634,14011,20506,31062,33677,30440,32023,30044,35701,33651,36499,30510,20879,14512,10090,4672,1510,379,411626,9486,11716,13154,13713,19745,30198,33802,29589,31031,28714,34535,33853,35630,31534,21825,15507,10282,5200,1674,438,407557,9012,10572,12730,13656,18538,29784,34063,29270,29204,28695,33153,33453,34416,32603,23231,16578,10730,5490,1898,481,404541,8844,9481,12137,13714,17718,28951,34519,29105,27786,28786,31388,33804,33214,33397,25101,17346,10695,5881,2143,531,402421,8985,8682,11411,13687,17096,28135,34290,29651,26412,29032,29900,34089,32727,33234,26450,17816,11344,6547,2344,589,400426,9367,8045,10570,13293,17104,26858,34027,30378,25286,28841,28581,34151,31461,33822,27903,18464,11962,7091,2558,664,398536,9912,7445,9861,12969,16963,25740,33320,30994,24874,28202,27604,33254,32062,33242,29089,19387,12809,7224,2840,745,396716,10502,7192,8976,12690,16952,24161,32878,31452,24847,26728,27772,32129,31948,32328,30306,20774,13714,7538,2985,844,394976,11042,7117,8102,12221,17080,22898,31935,31898,24874,25565,27996,30585,32481,31372,31277,22572,14319,7478,3214,950,393288,11532,7250,7447,11583,17120,22031,30800,31568,25489,24314,28380,29243,32868,31038,31360,23848,14765,8021,3590,1041,391643,11965,7555,6923,10822,16762,22101,29090,31234,26215,23295,28330,28063,33017,30019,32078,25256,15391,8499,3884,1144,390020,12335,7985,6424,10176,16499,21932,27739,30494,26771,22952,27826,27196,32237,30824,31608,26468,16222,9120,3939,1273,388427,12644,8444,6230,9335,16316,21891,26026,30040,27162,22956,26484,27421,31270,30879,30862,27725,17506,9781,4101,1354,386782,12840,8862,6159,8476,15901,22115,24601,29149,27545,23027,25396,27720,29874,31522,30066,28767,19104,10152,4031,1475,385000,12872,9243,6270,7812,15249,22254,23763,28014,27206,23641,24159,28205,28653,31990,29843,29003,20231,10537,4407,1648,383120,12771,9575,6523,7274,14450,21946,23951,26320,26905,24346,23157,28252,27579,32229,29012,29775,21506,11068,4696,1785,381135,12565,9859,6883,6767,13739,21773,23742,25115,26233,24880,22823,27834,26793,31561,29958,29384,22642,11720,5042,1822,379041,12278,10098,7267,6553,12786,21659,23699,23546,25856,25266,22840,26562,27057,30717,30138,28790,23846,12776,5409,1898
금천구,249361,6812,7144,6729,8254,14402,22859,20397,18874,16410,19961,22304,24055,21466,14647,10487,7556,4330,1909,585,180,248029,5971,6777,6598,7664,13676,23677,21096,18242,16394,18340,21919,23452,22359,15745,10993,7530,4604,2105,707,180,248716,5527,6335,6401,7376,13031,23979,22581,17997,16748,17106,21754,22984,22536,16620,11367,7899,5207,2296,770,202,248038,5131,5905,6174,7048,12324,23877,23761,17660,16832,15996,21448,21842,23286,17643,11646,8158,5721,2496,859,231,246705,4859,5415,6037,6818,11619,23225,24449,17660,16684,15264,20584,21773,22998,18694,12151,8618,5856,2771,983,247,244822,4781,4905,5913,6669,10862,22398,24584,17875,16059,15206,19573,21372,22427,19504,13070,9207,6034,3026,1078,279,242469,4815,4408,5730,6610,10175,21129,24499,17999,15556,15448,18226,21189,21875,20336,14145,9621,5975,3233,1182,318,239728,4926,4130,5402,6499,9763,19695,23592,18451,14918,15824,17204,21146,21343,20467,14935,9922,6285,3608,1272,346,237291,5087,3895,5126,6352,9485,18314,22740,18893,14448,15919,16227,20960,20353,21175,15915,10204,6519,3919,1374,386,235096,5319,3722,4759,6269,9321,17166,21768,19076,14319,15789,15596,20230,20462,20864,16908,10689,6913,3974,1519,433,233100,5551,3668,4367,6189,9203,16045,20993,19053,14419,15180,15587,19370,20222,20376,17693,11568,7411,4087,1641,477,231295,5749,3684,3948,6039,9229,15025,20099,19073,14491,14664,15864,18195,20208,19908,18523,12576,7714,4026,1751,529,229627,5918,3760,3700,5730,9206,14503,19103,18560,14913,14009,16251,17309,20316,19498,18709,13317,7998,4299,1956,572,228116,6065,3887,3477,5459,9082,14323,17913,18125,15318,13534,16361,16441,20249,18732,19412,14228,8267,4498,2123,622,226705,6186,4077,3309,5103,8989,14247,16954,17510,15530,13386,16241,15891,19649,19024,19128,15157,8706,4786,2143,689,225405,6293,4267,3244,4715,8955,14162,15946,17072,15604,13460,15618,15936,18929,18943,18742,15917,9493,5155,2210,744,224136,6352,4431,3239,4281,8814,14308,14993,16471,15719,13527,15063,16249,17895,19059,18360,16725,10359,5327,2166,798,222851,6341,4576,3294,4004,8461,14390,14597,15703,15350,13930,14364,16655,17114,19263,18047,16938,11003,5576,2353,892,221578,6273,4704,3402,3748,8117,14275,14594,14727,15080,14320,13853,16786,16334,19275,17447,17612,11786,5796,2481,968,220249,6161,4811,3570,3554,7681,14183,14567,14006,14614,14561,13677,16667,15852,18780,17855,17349,12587,6140,2646,988,218872,6012,4902,3739,3460,7206,14159,14474,13176,14323,14698,13741,16019,15942,18171,17867,17054,13273,6773,2857,1026
영등포구,399825,13614,12771,10881,12685,21624,37105,37888,34975,28703,31372,32291,33826,31416,21431,15420,11566,7443,3471,1052,291,405738,13086,13224,11176,11887,21416,37775,39179,35396,29933,29913,32923,33206,32344,23200,16242,11532,7891,3911,1197,307,403654,11859,12788,11281,11514,20894,37005,39820,34256,30643,28421,32994,32666,31923,24471,16700,11825,8555,4343,1351,345,397320,10491,11976,11020,11497,19630,36296,40050,33041,30637,26850,32532,30572,32162,25629,17183,12193,9022,4620,1533,386,391671,9466,11128,10826,11346,18484,35808,40068,32238,30048,25889,31099,30424,31336,26831,17659,12809,9094,5002,1681,435,386595,8854,10119,10761,11167,17368,34920,40284,31718,28945,25877,29627,30012,30206,27319,18985,13570,9260,5189,1935,479,381974,8676,8960,10563,11253,16168,33920,40226,31470,27792,26166,27912,30082,29148,27951,20254,14131,9207,5416,2146,533,377706,8779,8165,10015,11184,15678,32274,39449,31941,26445,26612,26590,30154,28552,27735,21295,14464,9515,5898,2361,600,373867,9131,7404,9449,10924,15699,30347,38726,32423,25525,26664,25387,30072,27055,28308,22439,14928,9926,6275,2505,680,370357,9618,6852,8826,10749,15541,28691,37964,32721,24982,26223,24645,29036,27432,27718,23644,15385,10489,6363,2727,751,367130,10152,6518,8062,10711,15380,26991,36988,33084,24786,25256,24735,27951,27337,26908,24251,16644,11156,6511,2845,864,364157,10634,6470,7175,10520,15560,25178,36079,33210,24792,24224,25091,26525,27635,26114,25070,17834,11610,6477,3002,957,361389,11079,6575,6600,10005,15586,24409,34376,32778,25387,23038,25571,25397,27876,25718,25063,18843,11934,6775,3315,1064,358812,11474,6857,6015,9499,15363,24375,32362,32287,25949,22236,25671,24351,27932,24591,25716,19932,12387,7133,3541,1141,356397,11813,7229,5616,8922,15206,24183,30700,31652,26354,21794,25310,23711,27098,25256,25218,21094,12831,7565,3590,1255,354156,12099,7631,5364,8218,15225,24059,28926,30908,26746,21722,24380,23857,26249,25313,24603,21750,14009,8079,3681,1337,351957,12270,7994,5337,7377,15016,24400,27084,30214,26919,21803,23360,24264,25023,25745,23978,22649,15072,8378,3644,1430,349735,12287,8325,5418,6822,14421,24550,26455,28699,26603,22395,22217,24779,24040,26099,23716,22769,15994,8666,3884,1596,347468,12175,8618,5644,6249,13806,24346,26539,27012,26230,22958,21435,24914,23121,26245,22845,23451,16983,9066,4129,1702,345138,11964,8870,5939,5868,13102,24191,26376,25688,25706,23393,21024,24588,22563,25565,23667,23022,18040,9439,4390,1743,342735,11680,9081,6265,5603,12251,24211,26263,24166,25128,23786,21013,23660,22745,24879,23807,22557,18708,10431,4709,1792
동작구,395249,11745,13273,12409,16235,31978,39408,32182,30707,28043,30261,29392,29661,28298,20693,16351,12404,7554,3256,1119,280,389147,10391,12819,12309,13885,30921,39994,31941,29187,27795,28627,29923,28193,28925,21901,16881,12288,7978,3661,1229,299,386502,9260,12196,12125,13506,30382,39990,32638,27669,28007,27294,30550,27652,28507,22517,16996,12759,8750,4043,1313,348,383944,8382,11378,11838,13264,28010,40564,33702,26613,28000,26284,30752,26983,28466,23692,17177,13138,9492,4348,1485,376,381596,7697,10602,11467,13097,26024,40407,34655,26202,27562,25404,30197,27809,27841,24732,17501,13849,9684,4790,1632,444,379446,7283,9567,11457,12819,23907,39994,35626,26383,26241,25526,29507,28099,26939,25523,18620,14440,9992,5219,1808,496,377469,7194,8550,11180,12881,21776,39108,36703,26591,25275,25699,28284,28913,26011,26347,19928,14914,9963,5546,2064,542,375674,7365,7771,10716,12827,20971,37124,36737,27718,24050,26038,27151,29628,25869,26368,20726,15107,10467,6155,2291,595,373938,7743,7134,10052,12689,20770,34670,36812,28630,23191,26163,26178,29870,25389,26593,21974,15391,10856,6694,2465,674,372280,8282,6636,9423,12421,20593,32695,36205,29453,22869,25822,25346,29383,26301,26185,23056,15804,11505,6810,2737,754,370746,8884,6326,8547,12492,20367,30525,35665,30129,23038,24647,25503,28714,26633,25489,23923,16967,12028,7054,2971,844,369344,9443,6274,7686,12234,20632,28432,34785,30788,23200,23763,25749,27508,27436,24742,24847,18256,12442,7004,3164,959,368056,9960,6412,7023,11757,20722,27730,32998,30524,24155,22576,26189,26431,28084,24669,25020,19079,12682,7455,3528,1062,366846,10424,6711,6478,11090,20568,27652,30981,30403,24873,21763,26360,25521,28298,24259,25363,20316,13018,7789,3828,1151,365721,10829,7137,6045,10482,20308,27562,29434,29728,25551,21449,26044,24751,27851,25199,25060,21391,13461,8284,3872,1283,364642,11169,7607,5776,9628,20443,27393,27611,29279,26045,21587,24905,24962,27224,25539,24490,22292,14590,8684,4025,1393,363497,11396,8039,5738,8728,20100,27814,25885,28510,26538,21722,23995,25276,26081,26329,23862,23270,15770,8977,3967,1500,362159,11460,8438,5852,8002,19429,27981,25423,27046,26222,22570,22778,25787,25095,26948,23841,23527,16560,9226,4291,1683,360644,11387,8799,6100,7399,18526,27818,25469,25453,26084,23191,21955,25982,24263,27176,23504,23950,17707,9554,4505,1822,358952,11206,9107,6466,6903,17667,27566,25380,24247,25440,23816,21620,25676,23563,26781,24469,23728,18691,9958,4804,1864,357056,10944,9367,6864,6582,16475,27639,25211,22732,25077,24247,21739,24556,23821,26201,24834,23264,19575,10921,5061,1946
관악구,505188,11125,12554,12381,17243,42419,71169,50445,39504,32841,35773,34653,35621,33931,25905,20588,15704,8598,3387,1073,274,496221,9445,11654,11960,14943,40731,72246,50788,36976,32368,33431,34822,33965,34532,26974,21180,15487,9459,3759,1211,290,493377,8367,10603,11493,14098,40564,72955,52793,34983,32596,31338,35022,33071,34030,27500,21430,15977,10622,4258,1350,327,489080,7826,9427,10902,13781,37717,72262,55598,33823,32368,29677,34979,31759,34365,28529,21512,16223,11649,4868,1445,370,484692,7456,8554,10386,13242,35369,70504,57591,33791,31670,28356,34229,32353,33322,29609,21829,16978,11925,5514,1593,421,480294,7328,7594,10041,12938,32699,68775,58705,34461,30077,28281,33185,32162,32426,30330,22977,17753,12286,5972,1844,460,475844,7532,6734,9552,12766,29825,66514,59716,35167,28774,28514,31508,32819,31284,31353,24272,18376,12083,6484,2059,512,471376,7821,6202,8883,12600,28383,63204,58849,36840,27407,29146,30041,33449,30827,31388,25002,18668,12571,7195,2324,576,467028,8197,5928,8141,12213,28090,59185,57853,38376,26578,29151,28789,33639,29908,31981,26177,18877,12877,7829,2610,629,462810,8706,5671,7590,11860,27518,55927,56241,39366,26530,28744,27770,33103,30763,31212,27379,19305,13564,7947,2911,703,458830,9222,5561,6843,11697,27325,52308,55009,39931,26944,27431,27873,32222,30773,30570,28258,20514,14243,8176,3121,809,455197,9682,5685,6146,11341,27537,48779,53412,40573,27347,26328,28223,30714,31546,29615,29423,21827,14736,8013,3368,902,451920,10103,5839,5681,10721,27720,47363,50727,39829,28548,25047,28896,29396,32180,29314,29613,22649,15046,8479,3752,1017,448991,10482,6095,5399,10024,27351,47333,47486,39305,29580,24244,28952,28281,32394,28590,30294,23872,15329,8768,4085,1127,446407,10817,6466,5118,9479,27029,46987,45175,38227,30276,24109,28626,27378,31906,29563,29670,25093,15809,9304,4122,1253,444109,11111,6839,4989,8714,27114,46941,42386,37557,30711,24375,27372,27570,31098,29693,29180,26045,17000,9815,4241,1358,441906,11301,7176,5056,7918,26710,47469,39864,36455,31236,24654,26294,27992,29704,30523,28352,27263,18201,10131,4133,1474,439641,11347,7479,5151,7304,25757,47903,39213,34551,30603,25648,25004,28697,28522,31162,28169,27544,19003,10441,4484,1659,437223,11270,7754,5356,6871,24660,47511,39496,32408,30305,26496,24161,28793,27506,31415,27595,28262,20139,10733,4685,1807,434606,11099,7994,5665,6459,23603,47225,39210,30994,29460,27107,23945,28506,26693,30987,28644,27745,21259,11172,4999,1840,431692,10857,8200,5978,6221,22160,47199,39122,28983,29027,27520,24132,27273,26942,30242,28855,27384,22212,12178,5295,1912
서초구,405077,13714,19723,20931,21066,24116,28818,28823,32840,34462,38618,32455,27905,25987,19557,15418,10455,5924,2800,1150,315,396100,12077,19010,21368,20051,23369,27387,27588,30061,34347,36720,33665,26623,26036,20523,15505,10754,6350,3098,1217,351,384567,10647,17791,21228,19516,22112,25921,26645,27638,33964,35048,34133,25714,24898,20985,15223,11115,6859,3382,1370,378,383645,9485,16814,21116,19641,21240,26153,27212,26622,33834,33883,34705,25836,24800,21742,15628,11742,7519,3738,1489,446,383165,8472,15923,20820,19766,20558,26477,27703,26328,33328,32694,34687,26865,24399,22468,16172,12304,7949,4102,1627,523,382993,7873,14566,20610,19990,19882,26655,28822,26298,31759,32849,33741,27712,24169,22706,17253,12888,8369,4400,1875,576,382957,7617,13099,20143,20348,19176,26780,29680,26718,30312,33160,32304,29071,23627,23317,18443,13120,8556,4754,2101,631,382984,7672,11886,19265,20462,19238,26383,30164,27462,28992,33541,31149,30042,23559,23272,19268,13255,9039,5285,2339,711,382668,8071,10726,18204,20331,19558,25502,30492,28467,27963,33584,30056,30374,23608,23459,20022,13625,9511,5761,2569,785,382058,8665,9763,17191,20019,19688,24656,30485,29215,27633,33135,29057,30210,24495,23244,20843,14096,9947,6032,2810,874,381255,9377,9161,15718,19860,19834,23583,30251,30214,27649,31597,29339,29287,25175,23044,21273,15123,10447,6308,3015,1000,380299,10086,8901,14159,19445,20163,22343,29899,30777,28043,30208,29701,28054,26233,22503,22115,16255,10657,6392,3251,1114,379266,10767,8958,12888,18599,20267,21983,28805,30891,28742,28868,30163,27084,26955,22461,22267,17076,10865,6767,3614,1246,378187,11395,9347,11714,17572,20133,22078,27365,30779,29784,27806,30242,26161,27192,22472,22596,17872,11267,7127,3926,1359,377107,11962,9929,10771,16562,19870,22045,26146,30406,30510,27458,29820,25361,26984,23297,22456,18765,11717,7471,4083,1494,376077,12453,10628,10181,15156,19814,22065,24745,29966,31382,27491,28401,25720,26145,23907,22261,19316,12695,7888,4239,1624,374999,12802,11309,9937,13721,19454,22394,23254,29443,31833,27856,27195,26086,25102,24796,21751,20265,13723,8064,4257,1757,373823,12960,11955,10011,12560,18682,22528,22803,28165,31840,28566,25976,26576,24256,25403,21753,20499,14476,8317,4528,1969,372571,12943,12552,10413,11502,17768,22380,22872,26643,31569,29626,25019,26677,23450,25632,21758,20900,15256,8690,4788,2133,371235,12787,13080,11018,10673,16861,22155,22788,25403,31086,30306,24727,26313,22780,25429,22572,20800,16131,9085,5032,2209,369810,12515,13533,11735,10167,15593,22164,22739,23960,30568,31077,24783,25050,23162,24668,23164,20630,16726,9938,5346,2292
강남구,509281,13953,21485,26345,28174,30723,39203,38167,41218,43239,49483,41980,34501,31765,24675,19312,12781,7130,3419,1359,369,501576,12445,20895,27201,26747,29309,37220,36477,38325,43822,47290,43165,33394,32187,26502,19946,13232,7775,3745,1502,397,501033,11293,20193,27696,27400,28123,36072,36487,35589,44290,46396,44987,33566,31592,27615,20339,14465,8762,4091,1622,455,504077,10177,19136,27996,28417,27325,36303,37721,34174,44291,45712,45994,33600,31670,28701,20898,15622,9507,4554,1773,506,506190,9206,18053,28136,28683,27237,36197,38835,33456,43677,45121,45727,34988,31583,29547,21568,16496,10169,5022,1908,581,507421,8529,16700,28115,29269,26661,36287,39739,33593,41666,45554,44731,36085,31298,29670,23089,17429,10802,5428,2133,643,507638,8282,14950,27409,30152,25973,36284,40705,33781,39674,46340,42827,37394,30708,30563,24720,17735,11022,5996,2413,710,506818,8304,13446,26213,30355,26299,35635,40914,34959,37377,46782,41314,38427,30731,30395,25690,17906,11905,6678,2694,794,505514,8648,12075,24601,30254,26876,34543,41017,36159,35841,46632,40140,38747,30433,30618,26717,18385,12689,7228,3025,886,503735,9200,10971,23064,30061,26783,33717,40593,37167,35024,45835,39241,38156,31524,30510,27647,18968,13292,7672,3330,980,501562,9852,10187,21260,29800,27036,32134,40285,37918,35119,43643,39555,37114,32297,30117,28042,20415,14028,8052,3600,1108,499102,10501,9870,19080,29027,27631,30486,39685,38692,35248,41581,40290,35448,33298,29476,29211,21968,14256,8148,3955,1251,496454,11119,9849,17282,27835,27746,30028,38205,38589,36349,39342,40803,34272,34154,29484,29308,22964,14537,8816,4381,1391,493750,11698,10177,15675,26175,27624,30172,36315,38373,37500,37824,40779,33291,34415,29211,29743,24076,15062,9343,4745,1552,491074,12219,10739,14381,24581,27394,29928,34822,37714,38478,37042,40078,32534,33903,30314,29690,25134,15639,9786,4996,1702,488502,12684,11431,13443,22660,27233,30059,32790,37263,39215,37192,38101,32898,33024,31033,29302,25754,17007,10374,5187,1852,486001,13019,12106,13039,20411,26652,30554,30919,36507,39973,37345,36392,33572,31596,31947,28714,27085,18375,10546,5207,2042,483539,13167,12746,12994,18621,25659,30702,30322,34920,39792,38511,34517,34069,30600,32758,28740,27310,19297,10895,5648,2271,481172,13152,13338,13377,17035,24268,30556,30436,33031,39463,39747,33295,34137,29707,33029,28520,27859,20376,11385,5985,2476,478855,13000,13869,14061,15770,22998,30310,30206,31571,38737,40764,32717,33591,29012,32589,29652,27832,21417,11883,6290,2586,476562,12736,14328,14904,14890,21371,30230,30259,29646,38230,41504,32938,31930,29368,31805,30364,27477,22142,13066,6700,2674
송파구,645798,22904,27430,27031,29523,38882,51777,52672,55804,50569,53996,51254,49623,46851,34055,23306,15061,8608,4388,1666,398,633013,19908,26778,27234,27289,37182,50535,50497,52447,51165,50940,51443,47059,48061,36671,24475,15289,9101,4725,1763,451,634836,18889,26586,27712,26882,35614,49224,51016,50474,53203,49527,52873,46636,47924,38426,25392,16822,10077,5102,1942,515,638664,17806,25797,28019,27240,33984,48576,52846,48674,54825,48636,53233,46288,48307,40396,26671,17971,11184,5491,2144,576,640159,16467,24907,28186,27126,32796,47752,53772,48154,54731,48049,52597,47829,47514,42275,28036,19227,11856,5872,2345,668,639612,15320,23228,28295,27377,31239,47170,54475,48133,52579,49035,51544,48327,46560,43097,30595,20525,12491,6329,2548,745,637259,14525,21005,28013,27877,29611,46459,55096,47836,50285,50368,49390,49498,44926,44793,32989,21429,12714,6805,2837,803,633193,14119,18984,27032,27923,29196,44857,54672,48624,47427,51398,47614,50421,44355,44786,34461,21990,13805,7558,3069,902,629414,14382,17210,25510,27672,29505,42807,53876,49981,44975,51907,46114,50317,43698,45058,36233,22978,14552,8334,3306,999,625827,15091,15586,24156,27416,29256,41072,52962,50614,44082,51035,45082,49442,44960,44209,37974,24039,15444,8727,3569,1111,622386,16008,14375,22210,27262,29363,38876,52180,51295,43830,48607,45713,48223,45337,43281,38879,26314,16428,9126,3861,1218,619035,16943,13697,19975,26844,29822,36588,51173,51925,43638,46368,46773,46101,46437,41826,40705,28426,17078,9202,4156,1358,615811,17842,13533,18119,25861,29919,35762,49092,51567,44679,43800,47735,44511,47363,41515,40908,29810,17640,10015,4652,1488,612687,18669,13904,16508,24395,29690,35883,46509,50841,46092,41691,48199,43117,47377,41034,41405,31543,18538,10550,5124,1618,609702,19402,14637,15070,23105,29449,35536,44371,49959,46804,41009,47365,42153,46668,42401,40790,33228,19456,11217,5319,1763,606806,20036,15528,14039,21251,29357,35624,41807,49156,47574,40868,45154,42762,45560,42889,40083,34258,21445,11972,5524,1919,603885,20469,16401,13526,19167,28959,36137,39271,48113,48204,40828,43131,43756,43614,44042,38865,36138,23225,12436,5520,2083,600827,20620,17220,13472,17472,27957,36334,38386,45971,47861,41949,40781,44686,42141,44998,38736,36419,24468,12948,6070,2338,597607,20532,17968,13883,16008,26521,36101,38537,43413,47178,43332,38928,45115,40837,45116,38386,37065,26036,13678,6415,2558,594260,20240,18626,14608,14714,25260,35838,38209,41371,46340,44051,38376,44347,39919,44529,39817,36584,27551,14398,6841,2641,590828,19786,19190,15474,13822,23425,35803,38252,38909,45572,44840,38294,42318,40492,43526,40388,36051,28604,16021,7312,2749
강동구,443058,15400,18660,18283,19497,25253,33275,32585,37083,34576,36120,34947,36071,35202,25277,17746,11600,6544,3275,1317,347,451998,15252,19302,19067,18698,24672,33736,33748,36786,36839,35395,35821,34331,37047,27890,18850,12052,7119,3610,1414,369,447278,13551,18520,19114,18218,23471,32807,33453,34219,37759,34224,35990,33550,36587,29414,19686,13004,7995,3785,1503,428,444193,12009,17459,18906,18297,22505,32063,33931,32352,37998,33285,36122,32498,36637,30595,20531,13978,8838,4088,1628,473,441527,10660,16323,18914,18220,21657,31394,34287,31168,37306,32939,35512,33156,35374,32067,21541,14965,9290,4492,1728,534,439125,9733,14933,18862,18430,20638,30614,34569,30741,35672,33581,34850,33064,33926,32914,23471,16020,9791,4822,1909,585,436842,9266,13417,18607,18747,19592,29704,34971,30569,33641,34616,33473,33710,32199,34316,25456,16670,9951,5204,2110,623,434616,9251,12117,17871,18832,19165,28468,34618,31210,31534,35507,32471,34171,31767,34040,26771,17319,10706,5860,2252,686,432572,9603,10962,16859,18607,19333,27129,33997,32060,29980,35647,31535,34378,30975,34376,27950,18074,11456,6440,2460,751,430667,10115,9954,15796,18570,19237,25891,33350,32660,29090,34982,31124,33825,31812,33403,29449,18968,12215,6710,2699,817,428840,10724,9250,14489,18464,19384,24487,32594,33094,28923,33427,31641,33173,31885,32299,30370,20740,13067,7023,2892,914,427072,11304,8915,13058,18193,19676,23049,31774,33554,28908,31589,32543,31827,32620,30920,31853,22542,13548,7077,3115,1007,425375,11852,8946,11857,17477,19763,22437,30457,33236,29627,29771,33328,30859,33132,30711,31780,23770,14132,7656,3497,1087,423739,12353,9275,10808,16517,19552,22556,28869,32718,30506,28422,33470,29934,33383,30093,32314,24948,14813,8192,3826,1190,422131,12796,9751,9898,15509,19516,22392,27465,32123,31130,27699,32887,29492,32873,31067,31546,26428,15594,8715,3950,1300,420547,13173,10327,9272,14266,19446,22480,25908,31445,31578,27649,31442,29930,32242,31279,30706,27392,17167,9332,4113,1400,418915,13426,10875,8987,12908,19201,22770,24319,30715,32037,27691,29791,30744,30936,32095,29594,28885,18694,9635,4100,1512,417186,13508,11384,9038,11792,18484,22901,23709,29374,31729,28433,28177,31463,29994,32660,29536,28932,19763,10138,4481,1690,415353,13438,11845,9359,10817,17568,22709,23844,27758,31265,29314,26966,31617,29074,32969,29052,29569,20850,10690,4803,1846,413415,13244,12249,9828,9979,16638,22659,23646,26402,30700,29931,26363,31115,28598,32506,30121,28948,22192,11290,5103,1903,411368,12950,12590,10398,9414,15480,22595,23686,24875,30069,30379,26390,29776,28967,31908,30433,28332,23131,12541,5473,1981
